state	sequence	target	text
1	0	EMACS	YOUR INIT FILE HAS A UNION!
1	1	NANO	YOUR BATTLE PLAN HAS TRAINING WHEELS!
1	2	EMACS	YOUR ARMY NEEDS A COFFEE BREAK TO OPEN!
1	3	EMACS	I'VE SEEN SHORTER WARS INSIDE YOUR MENU!
1	4	NANO	YOUR WHOLE EMPIRE FITS IN A HELP SCREEN!
1	5	EMACS	YOUR FLAG HAS PARENTHESES ON BOTH SIDES!
1	6	EMACS	YOU BROUGHT A LISP BOOK TO A KNIFE FIGHT!
1	7	EMACS	YOUR FORT SMELLS LIKE WARM MAYONNAISE!
2	0	VIM	I REPROGRAMMED YOUR TANK INTO A TEAPOT!
2	1	NANO	MY TOASTER HAS MORE EXTENSIONS!
2	2	VIM	YOUR MODES ARE HIDE-AND-SEEK WITH BUTTONS!
2	3	VIM	I WROTE A FUNCTION FOR YOUR SILLY CHARGE!
2	4	NANO	YOUR WHOLE BATTLE PLAN IS A TUTORIAL!
2	5	VIM	ESCAPING IS NOT A MILITARY DOCTRINE!
2	6	VIM	YOUR EMPIRE HAS ONE KEY AND NO MANNERS!
2	7	VIM	I MACROED YOUR CHARGE BEFORE BREAKFAST!
3	0	EMACS	BLUE GIANTS MAKE NICE TARGET PRACTICE!
3	1	VIM	RED, YOUR EMPIRE FITS IN MY POCKET!
3	2	EMACS	MORE BLOCKS, MORE PROBLEMS, BLUEBIRD!
3	3	VIM	KEEP YOUR MODES; I KEPT THE EXIT!

