case,entities,variant,seed,threads,samples,median_ns_per_unit,ci_low_ns_per_unit,ci_high_ns_per_unit,cv_percent,state_bytes,median_elapsed_seconds,speedup_vs_openmp_p1,efficiency,checksum,pair_evaluations,pair_list_rebuilds,pair_list_bytes
continuous/predator-prey/100k,100000,serial,31,1,5,94.713578,94.629827,94.772481,0.063060,6600012,0.094713578,1.002852,,cf299cf42034d25c,1640031,1,5835852
continuous/predator-prey/100k,100000,openmp,31,1,5,94.983739,94.934188,95.024750,0.036933,6600012,0.094983739,1.000000,1.000000,cf299cf42034d25c,1640031,1,5835852
continuous/predator-prey/100k,100000,openmp,31,2,5,67.467765,67.319362,69.124479,1.142071,6600012,0.067467765,1.407839,0.703919,cf299cf42034d25c,1640031,1,5835852
continuous/predator-prey/100k,100000,openmp,31,4,5,53.631094,53.579304,53.907014,0.240835,6600012,0.053631094,1.771057,0.442764,cf299cf42034d25c,1640031,1,5835852
continuous/predator-prey/100k,100000,openmp,31,8,5,52.261275,51.726206,52.389024,0.498032,6600012,0.052261275,1.817478,0.227185,cf299cf42034d25c,1640031,1,5835852
continuous/predator-prey/100k,100000,serial,32,1,5,94.575575,94.442770,94.744230,0.121071,6600012,0.094575575,1.001150,,71694acd167d9539,1639570,1,5835916
continuous/predator-prey/100k,100000,openmp,32,1,5,94.684373,94.388379,94.837147,0.174515,6600012,0.094684373,1.000000,1.000000,71694acd167d9539,1639570,1,5835916
continuous/predator-prey/100k,100000,openmp,32,2,5,67.324209,67.283466,67.750057,0.295863,6600012,0.067324209,1.406394,0.703197,71694acd167d9539,1639570,1,5835916
continuous/predator-prey/100k,100000,openmp,32,4,5,53.514707,53.485423,53.868196,0.372666,6600012,0.053514707,1.769315,0.442329,71694acd167d9539,1639570,1,5835916
continuous/predator-prey/100k,100000,openmp,32,8,5,51.699915,51.385409,52.343813,0.703532,6600012,0.051699915,1.831422,0.228928,71694acd167d9539,1639570,1,5835916
continuous/predator-prey/100k,100000,serial,33,1,5,94.399700,94.190942,94.771363,0.241589,6600012,0.094399700,1.000146,,31321f12775b1892,1640111,1,5837580
continuous/predator-prey/100k,100000,openmp,33,1,5,94.413439,94.358249,94.569436,0.093614,6600012,0.094413439,1.000000,1.000000,31321f12775b1892,1640111,1,5837580
continuous/predator-prey/100k,100000,openmp,33,2,5,66.945518,66.880367,66.979485,0.061520,6600012,0.066945518,1.410303,0.705151,31321f12775b1892,1640111,1,5837580
continuous/predator-prey/100k,100000,openmp,33,4,5,53.250189,53.089104,53.750753,0.480935,6600012,0.053250189,1.773016,0.443254,31321f12775b1892,1640111,1,5837580
continuous/predator-prey/100k,100000,openmp,33,8,5,51.521664,50.666595,51.771945,0.914959,6600012,0.051521664,1.832500,0.229062,31321f12775b1892,1640111,1,5837580
continuous/predator-prey/200k,200000,serial,31,1,5,101.579292,101.312986,101.690849,0.137798,13200012,0.203158584,0.999214,,b7a3c892b5d6d297,3283740,1,11682876
continuous/predator-prey/200k,200000,openmp,31,1,5,101.499406,101.410133,103.886628,1.052589,13200012,0.202998812,1.000000,1.000000,b7a3c892b5d6d297,3283740,1,11682876
continuous/predator-prey/200k,200000,openmp,31,2,5,72.790130,72.718610,72.947883,0.117510,13200012,0.145580260,1.394412,0.697206,b7a3c892b5d6d297,3283740,1,11682876
continuous/predator-prey/200k,200000,openmp,31,4,5,58.151149,57.991684,59.488483,1.189807,13200012,0.116302298,1.745441,0.436360,b7a3c892b5d6d297,3283740,1,11682876
continuous/predator-prey/200k,200000,openmp,31,8,5,53.982422,53.880830,54.262311,0.294037,13200012,0.107964844,1.880231,0.235029,b7a3c892b5d6d297,3283740,1,11682876
continuous/predator-prey/200k,200000,serial,32,1,5,101.469832,101.355616,101.665297,0.139101,13200012,0.202939664,0.998390,,115eaada2dfcb972,3285213,1,11684692
continuous/predator-prey/200k,200000,openmp,32,1,5,101.306513,101.257754,101.795554,0.223884,13200012,0.202613026,1.000000,1.000000,115eaada2dfcb972,3285213,1,11684692
continuous/predator-prey/200k,200000,openmp,32,2,5,72.649982,72.596205,73.368341,0.443962,13200012,0.145299964,1.394446,0.697223,115eaada2dfcb972,3285213,1,11684692
continuous/predator-prey/200k,200000,openmp,32,4,5,58.017690,57.967597,58.883511,0.670995,13200012,0.116035380,1.746131,0.436533,115eaada2dfcb972,3285213,1,11684692
continuous/predator-prey/200k,200000,openmp,32,8,5,53.006231,52.924430,53.247352,0.234101,13200012,0.106012462,1.911219,0.238902,115eaada2dfcb972,3285213,1,11684692
continuous/predator-prey/200k,200000,serial,33,1,5,101.391832,101.206021,101.581958,0.138438,13200012,0.202783664,0.998164,,d64d1bd9c36ed571,3279356,1,11674756
continuous/predator-prey/200k,200000,openmp,33,1,5,101.205709,101.174358,101.300223,0.054286,13200012,0.202411418,1.000000,1.000000,d64d1bd9c36ed571,3279356,1,11674756
continuous/predator-prey/200k,200000,openmp,33,2,5,72.729041,72.619329,73.209538,0.331370,13200012,0.145458082,1.391545,0.695772,d64d1bd9c36ed571,3279356,1,11674756
continuous/predator-prey/200k,200000,openmp,33,4,5,57.829060,57.753401,58.019949,0.220047,13200012,0.115658120,1.750084,0.437521,d64d1bd9c36ed571,3279356,1,11674756
continuous/predator-prey/200k,200000,openmp,33,8,5,53.688522,53.547757,53.714325,0.127889,13200012,0.107377044,1.885053,0.235632,d64d1bd9c36ed571,3279356,1,11674756
continuous/predator-prey/400k,400000,serial,31,1,5,110.980913,110.417555,111.363409,0.326719,26400012,0.443923652,0.999026,,0b5ca7ecce44b545,6554757,1,23358708
continuous/predator-prey/400k,400000,openmp,31,1,5,110.872793,110.633366,111.417242,0.262124,26400012,0.443491172,1.000000,1.000000,0b5ca7ecce44b545,6554757,1,23358708
continuous/predator-prey/400k,400000,openmp,31,2,5,81.799359,80.589411,82.371478,0.843870,26400012,0.327197436,1.355424,0.677712,0b5ca7ecce44b545,6554757,1,23358708
continuous/predator-prey/400k,400000,openmp,31,4,5,65.312666,65.036186,65.893405,0.480094,26400012,0.261250664,1.697570,0.424392,0b5ca7ecce44b545,6554757,1,23358708
continuous/predator-prey/400k,400000,openmp,31,8,5,59.448789,58.794249,76.583737,12.347522,26400012,0.237795156,1.865013,0.233127,0b5ca7ecce44b545,6554757,1,23358708
continuous/predator-prey/400k,400000,serial,32,1,5,111.320103,110.286448,111.358071,0.418851,26400012,0.445280412,0.990688,,5b6defc4e584fa19,6553746,1,23366276
continuous/predator-prey/400k,400000,openmp,32,1,5,110.283500,109.680313,110.498525,0.281810,26400012,0.441134000,1.000000,1.000000,5b6defc4e584fa19,6553746,1,23366276
continuous/predator-prey/400k,400000,openmp,32,2,5,81.299509,80.252022,82.045249,0.958810,26400012,0.325198036,1.356509,0.678254,5b6defc4e584fa19,6553746,1,23366276
continuous/predator-prey/400k,400000,openmp,32,4,5,66.279079,65.657176,66.327310,0.444060,26400012,0.265116316,1.663926,0.415982,5b6defc4e584fa19,6553746,1,23366276
continuous/predator-prey/400k,400000,openmp,32,8,5,59.458168,58.882347,60.038952,0.702846,26400012,0.237832672,1.854808,0.231851,5b6defc4e584fa19,6553746,1,23366276
continuous/predator-prey/400k,400000,serial,33,1,5,110.769899,110.043170,110.974421,0.323780,26400012,0.443079596,0.997114,,932e379997d6c1a6,6551379,1,23365076
continuous/predator-prey/400k,400000,openmp,33,1,5,110.450203,109.827049,111.098984,0.515458,26400012,0.441800812,1.000000,1.000000,932e379997d6c1a6,6551379,1,23365076
continuous/predator-prey/400k,400000,openmp,33,2,5,81.164282,80.912768,81.545723,0.282361,26400012,0.324657128,1.360823,0.680411,932e379997d6c1a6,6551379,1,23365076
continuous/predator-prey/400k,400000,openmp,33,4,5,65.427365,64.703556,65.940171,0.729219,26400012,0.261709460,1.688135,0.422034,932e379997d6c1a6,6551379,1,23365076
continuous/predator-prey/400k,400000,openmp,33,8,5,59.951773,59.569220,60.138119,0.366902,26400012,0.239807092,1.842318,0.230290,932e379997d6c1a6,6551379,1,23365076
continuous/predator-prey/800k,800000,serial,31,1,5,120.304074,120.222026,121.170533,0.325323,52800012,0.962432592,0.997932,,41e8d94f545145f5,13093589,1,46719948
continuous/predator-prey/800k,800000,openmp,31,1,5,120.055228,119.840464,121.705797,0.682773,52800012,0.960441824,1.000000,1.000000,41e8d94f545145f5,13093589,1,46719948
continuous/predator-prey/800k,800000,openmp,31,2,5,94.926599,94.707062,95.779101,0.461208,52800012,0.759412792,1.264716,0.632358,41e8d94f545145f5,13093589,1,46719948
continuous/predator-prey/800k,800000,openmp,31,4,5,75.464143,75.135847,76.354616,0.636872,52800012,0.603713144,1.590891,0.397723,41e8d94f545145f5,13093589,1,46719948
continuous/predator-prey/800k,800000,openmp,31,8,5,65.394011,64.776700,65.603814,0.508406,52800012,0.523152088,1.835875,0.229484,41e8d94f545145f5,13093589,1,46719948
continuous/predator-prey/800k,800000,serial,32,1,5,120.750535,120.225222,121.008475,0.249991,52800012,0.966004280,0.999346,,ebac6b7e7bf7f8b6,13098110,1,46714676
continuous/predator-prey/800k,800000,openmp,32,1,5,120.671591,120.582007,121.232885,0.217297,52800012,0.965372728,1.000000,1.000000,ebac6b7e7bf7f8b6,13098110,1,46714676
continuous/predator-prey/800k,800000,openmp,32,2,5,94.920387,94.232377,97.730936,1.430333,52800012,0.759363096,1.271293,0.635646,ebac6b7e7bf7f8b6,13098110,1,46714676
continuous/predator-prey/800k,800000,openmp,32,4,5,77.352442,77.037562,77.446860,0.209549,52800012,0.618819536,1.560023,0.390006,ebac6b7e7bf7f8b6,13098110,1,46714676
continuous/predator-prey/800k,800000,openmp,32,8,5,65.335079,64.965905,83.157461,11.544838,52800012,0.522680632,1.846965,0.230871,ebac6b7e7bf7f8b6,13098110,1,46714676
continuous/predator-prey/800k,800000,serial,33,1,5,120.956409,120.722168,121.273474,0.204720,52800012,0.967651272,0.994197,,f75c793ffbaae1c8,13103591,1,46738452
continuous/predator-prey/800k,800000,openmp,33,1,5,120.254451,119.849515,120.448580,0.199720,52800012,0.962035608,1.000000,1.000000,f75c793ffbaae1c8,13103591,1,46738452
continuous/predator-prey/800k,800000,openmp,33,2,5,94.378104,94.174907,94.941230,0.379103,52800012,0.755024832,1.274177,0.637089,f75c793ffbaae1c8,13103591,1,46738452
continuous/predator-prey/800k,800000,openmp,33,4,5,75.618224,75.530514,76.065189,0.291597,52800012,0.604945792,1.590284,0.397571,f75c793ffbaae1c8,13103591,1,46738452
continuous/predator-prey/800k,800000,openmp,33,8,5,66.286590,65.777801,68.702422,1.731456,52800012,0.530292720,1.814160,0.226770,f75c793ffbaae1c8,13103591,1,46738452
