code	longitude	latitude	country	ourairports_id	ourairports_ident	ourairports_iata	ourairports_type	openflights_airport_id	openflights_route_id
WUH	114.2080	30.7838	CHN	27200	ZHHH	WUH	large_airport	3376	3376
PEK	116.5850	40.0801	CHN	27188	ZBAA	PEK	large_airport	3364	3364
PVG	121.8050	31.1434	CHN	27223	ZSPD	PVG	large_airport	3406	3406
CAN	113.2990	23.3924	CHN	27194	ZGGG	CAN	large_airport	3370	3370
HKG	113.9150	22.3089	CHN	26535	VHHH	HKG	large_airport	3077	3077
BKK	100.7470	13.6811	THA	28118	VTBS	BKK	large_airport	3885	3885
SIN	103.9940	1.3502	SGP	26887	WSSS	SIN	large_airport	3316	3316
ICN	126.4510	37.4691	KOR	5653	RKSI	ICN	large_airport	3930	3930
CDG	2.5500	49.0128	FRA	4185	LFPG	CDG	large_airport	1382	1382
NRT	140.3860	35.7647	JPN	5531	RJAA	NRT	large_airport	2279	2279
LHR	-0.4619	51.4706	GBR	2434	EGLL	LHR	large_airport	507	507
JFK	-73.7789	40.6398	USA	3622	KJFK	JFK	large_airport	3797	3797
LAX	-118.4080	33.9425	USA	3632	KLAX	LAX	large_airport	3484	3484
DEL	77.1031	28.5665	IND	26555	VIDP	DEL	large_airport	3093	3093
SYD	151.1770	-33.9461	AUS	27145	YSSY	SYD	large_airport	3361	3361
AKL	174.7920	-37.0081	NZL	5023	NZAA	AKL	large_airport	2006	2006
DXB	55.3644	25.2528	ARE	5235	OMDB	DXB	large_airport	2188	2188
JNB	28.2460	-26.1392	ZAF	31055	FAOR	JNB	large_airport	813	813
GRU	-46.4731	-23.4356	BRA	5910	SBGR	GRU	large_airport	2564	2564
FRA	8.5706	50.0333	DEU	2212	EDDF	FRA	large_airport	340	340
MEL	144.8430	-37.6733	AUS	27066	YMML	MEL	large_airport	3339	3339
ORD	-87.9048	41.9786	USA	3754	KORD	ORD	large_airport	3830	3830
SFO	-122.3750	37.6190	USA	3878	KSFO	SFO	large_airport	3469	3469
ATL	-84.4281	33.6367	USA	3384	KATL	ATL	large_airport	3682	3682
MIA	-80.2906	25.7932	USA	3685	KMIA	MIA	large_airport	3576	3576
BOM	72.8679	19.0887	IND	26434	VABB	BOM	large_airport	2997	2997
BLR	77.7063	13.1979	IND	35145	VOBL	BLR	large_airport	3131	3131
MAA	80.1693	12.9900	IND	26618	VOMM	MAA	large_airport	3144	3144
BNE	153.1170	-27.3842	AUS	26901	YBBN	BNE	large_airport	3320	3320
PER	115.9670	-31.9403	AUS	27119	YPPH	PER	large_airport	3351	3351
GIG	-43.2506	-22.8100	BRA	5906	SBGL	GIG	large_airport	2560	2560
BSB	-47.9208	-15.8692	BRA	5872	SBBR	BSB	large_airport	2531	2531
HND	139.7800	35.5523	JPN	5627	RJTT	HND	large_airport	2359	2359
CTS	141.6920	42.7752	JPN	5544	RJCC	CTS	large_airport	2287	2287
FUK	130.4510	33.5859	JPN	5564	RJFF	FUK	large_airport	2305	2305
ITM	135.4380	34.7855	JPN	5598	RJOO	ITM	large_airport	2334	2334
OKA	127.6460	26.1958	JPN	5671	ROAH	OKA	large_airport	2384	2384
YYZ	-79.6306	43.6772	CAN	1990	CYYZ	YYZ	large_airport	193	193
YVR	-123.1840	49.1939	CAN	1941	CYVR	YVR	large_airport	156	156
YUL	-73.7408	45.4706	CAN	1928	CYUL	YUL	large_airport	146	146
CPT	18.6017	-33.9648	ZAF	2775	FACT	CPT	large_airport	797	797
DUR	31.1197	-29.6144	ZAF	300795	FALE	DUR	large_airport	799	799
CGK	106.6560	-6.1256	IDN	26835	WIII	CGK	large_airport	3275	3275
DPS	115.1670	-8.7482	IDN	26751	WADD	DPS	large_airport	3940	3940
IST	28.7519	41.2753	TUR	317457	LTFM	IST	large_airport	13696	1701
AYT	30.8005	36.8987	TUR	4515	LTAI	AYT	large_airport	1688	1688
EDI	-3.3725	55.9500	GBR	2462	EGPH	EDI	large_airport	535	535
NCE	7.2159	43.6584	FRA	4156	LFMN	NCE	large_airport	1354	1354
TXL	13.2877	52.5597	DEU	2223	DE-0876		closed	351	351
GMP	126.7910	37.5583	KOR	5656	RKSS	GMP	large_airport	2378	2378
CJU	126.4930	33.5113	KOR	5639	RKPC	CJU	large_airport	2370	2370
CHC	172.5320	-43.4894	NZL	5026	NZCH	CHC	large_airport	2009	2009
EZE	-58.5358	-34.8222	ARG	5781	SAEZ	EZE	large_airport	3988	3988
COR	-64.2080	-31.3236	ARG	5773	SACO	COR	large_airport	2443	2443
MEX	-99.0721	19.4363	MEX	4731	MMMX	MEX	large_airport	1824	1824
CUN	-86.8771	21.0365	MEX	4762	MMUN	CUN	large_airport	1852	1852
LOS	3.3212	6.5774	NGA	2118	DNMM	LOS	large_airport	273	273
ABV	7.2632	9.0068	NGA	2104	DNAA	ABV	large_airport	260	260
DOH	51.6081	25.2731	QAT	44686	OTHH	DOH	large_airport	11051	11051
MAD	-3.5626	40.4719	ESP	4019	LEMD	MAD	large_airport	1229	1229
NBO	36.9278	-1.3192	KEN	3206	HKJK	NBO	large_airport	4059	4059
CAI	31.4056	30.1219	EGY	3183	HECA	CAI	large_airport	1128	1128
JED	39.1565	21.6796	SAU	5097	OEJN	JED	large_airport	2072	2072
ADD	38.7993	8.9779	ETH	3157	HAAB	ADD	large_airport	1107	1107
KUL	101.7100	2.7456	MYS	26874	WMKK	KUL	large_airport	3304	3304
MNL	121.0200	14.5086	PHL	5689	RPLL	MNL	large_airport	2397	2397
SCL	-70.7858	-33.3930	CHL	6015	SCEL	SCL	large_airport	2650	2650
LIM	-77.1143	-12.0219	PER	6217	SPIM	LIM	large_airport	2789	2789
BOG	-74.1469	4.7016	COL	6104	SKBO	BOG	large_airport	2709	2709
MEM	-89.9767	35.0424	USA	3675	KMEM	MEM	large_airport	3473	3473
AMS	4.7639	52.3086	NLD	2513	EHAM	AMS	large_airport	580	580
DFW	-97.0380	32.8968	USA	3488	KDFW	DFW	large_airport	3670	3670
ISB	72.82566	33.549	PAK	333692	OPIS	ISB	large_airport	13760	2223
KHI	67.160797	24.9065	PAK	5255	OPKC	KHI	large_airport	2206	2206
LHE	74.403603	31.521601	PAK	5257	OPLA	LHE	large_airport	2207	2207
DAC	90.397783	23.843347	BGD	26534	VGHS	DAC	large_airport	3076	3076
CGP	91.813301	22.249599	BGD	26527	VGEG	CGP	large_airport	3069	3069
CMB	79.884102	7.180760	LKA	26463	VCBI	CMB	large_airport	3024	3024
KTM	85.3591	27.6966	NPL	26596	VNKT	KTM	large_airport	3125	3125
MLE	73.529099	4.19183	MDV	26636	VRMM	MLE	large_airport	3156	3156
PBH	89.424599	27.4032	BTN	26632	VQPR	PBH	large_airport	3155	3155
KBL	69.212303	34.565899	AFG	5072	OAKB	KBL	large_airport	2050	2050
CCU	88.44765	22.654012	IND	26496	VECC	CCU	large_airport	3043	3043
HYD	78.429855	17.231318	IND	35141	VOHS	HYD	large_airport	12087	\N
COK	76.400838	10.151047	IND	26609	VOCI	COK	large_airport	3136	3136
AMD	72.634697	23.0772	IND	26431	VAAH	AMD	large_airport	2994	2994
ADL	138.533393	-34.947512	AUS	27096	YPAD	ADL	large_airport	3341	3341
CBR	149.195007	-35.3069	AUS	27131	YSCB	CBR	medium_airport	3355	3355
DRW	130.88185	-12.41497	AUS	27101	YPDN	DRW	large_airport	3999	3999
HBA	147.513022	-42.837032	AUS	27058	YMHB	HBA	large_airport	3336	3336
OOL	153.506641	-28.165962	AUS	26902	YBCG	OOL	large_airport	3321	3321
NAN	177.437843	-17.761822	FJI	4959	NFFN	NAN	large_airport	1960	1960
POM	147.220001	-9.443380	PNG	67	AYPY	POM	large_airport	5	5
ACC	-0.166786	5.605190	GHA	2090	DGAA	ACC	large_airport	248	248
CMN	-7.58997	33.3675	MAR	3113	GMMN	CMN	large_airport	1074	1074
ALG	3.214531	36.693886	DZA	2050	DAAG	ALG	large_airport	210	210
TUN	10.2272	36.851002	TUN	2133	DTTA	TUN	large_airport	287	287
DAR	39.207288	-6.873499	TZA	3251	HTDA	DAR	large_airport	1177	1177
FCO	12.251998	41.804532	ITA	4372	LIRF	FCO	large_airport	1555	1555
BCN	2.07846	41.2971	ESP	4004	LEBL	BCN	large_airport	1218	1218
ATH	23.9445	37.936401	GRC	4251	LGAV	ATH	large_airport	3941	3941
LIS	-9.13592	38.7813	PRT	4461	LPPT	LIS	large_airport	1638	1638
WAW	20.9671	52.165699	POL	2637	EPWA	WAW	large_airport	679	679
KBP	30.894699	50.345001	UKR	6467	UKBB	KBP	large_airport	2939	2939
SVO	37.41121	55.976858	RUS	26396	UUEE	SVO	large_airport	2985	2985
PTY	-79.383499	9.07136	PAN	4793	MPTO	PTY	large_airport	1871	1871
HAV	-82.409103	22.989201	CUB	4839	MUHA	HAV	large_airport	1909	1909
TLV	34.8867	32.011398	ISR	4411	LLBG	TLV	large_airport	1590	1590
BEY	35.487443	33.819833	LBN	5222	OLBA	BEY	large_airport	2177	2177
AMM	35.993198	31.722601	JOR	5212	OJAI	AMM	large_airport	2170	2170
MCT	58.285268	23.600218	OMN	5242	OOMS	MCT	large_airport	2194	2194
SGN	106.652	10.8188	VNM	26708	VVTS	SGN	large_airport	3205	3205
HAN	105.806999	21.221201	VNM	26700	VVNB	HAN	large_airport	3199	3199
RGN	96.133202	16.907301	MMR	26744	VYYY	RGN	large_airport	3239	3239
HEA	62.2283	34.2100	AFG	5069	OAHR	HEA	large_airport	2048	2048
KDH	65.8478	31.5058	AFG	5073	OAKN	KDH	large_airport	2051	2051
MZR	67.2097	36.7069	AFG	5075	OAMS	MZR	large_airport	2053	2053
LAD	13.2312	-8.8584	AGO	2942	FNLU	LAD	large_airport	951	951
TIA	19.7206	41.4147	ALB	3972	LATI	TIA	large_airport	1190	1190
AUH	54.6511	24.4330	ARE	5226	OMAA	AUH	large_airport	2179	2179
EVN	44.3959	40.1473	ARM	6446	UDYZ	EVN	large_airport	3964	3964
ASP	133.9020	-23.8067	AUS	26900	YBAS	ASP	medium_airport	3319	3319
BME	122.2320	-17.9447	AUS	26927	YBRM	BME	large_airport	4319	4319
CNS	145.7550	-16.8858	AUS	26904	YBCS	CNS	large_airport	3322	3322
ISA	139.4890	-20.6639	AUS	26917	YBMA	ISA	medium_airport	3324	3324
PHE	118.6260	-20.3778	AUS	27117	YPPD	PHE	large_airport	3349	3349
TSV	146.7650	-19.2525	AUS	26934	YBTL	TSV	medium_airport	3330	3330
VIE	16.5697	48.1103	AUT	4434	LOWW	VIE	large_airport	1613	1613
GYD	50.0467	40.4675	AZE	6440	UBBB	GYD	large_airport	2922	2922
BJM	29.3185	-3.3240	BDI	3170	HBBA	BJM	large_airport	1120	1120
BRU	4.4844	50.9014	BEL	2155	EBBR	BRU	large_airport	302	302
COO	2.3844	6.3572	BEN	2087	DBBB	COO	large_airport	245	245
OUA	-1.5124	12.3532	BFA	2088	DFFD	OUA	large_airport	246	246
BZL	90.3012	22.8010	BGD	26525	VGBR	BZL	medium_airport	6176	6176
CXB	91.9639	21.4522	BGD	26526	VGCB	CXB	medium_airport	3068	3068
JSR	89.1608	23.1838	BGD	26529	VGJR	JSR	medium_airport	3071	3071
RJH	88.6165	24.4372	BGD	26530	VGRJ	RJH	medium_airport	3072	3072
SPD	88.9089	25.7592	BGD	26531	VGSD	SPD	medium_airport	3073	3073
ZYL	91.8668	24.9632	BGD	26532	VGSY	ZYL	large_airport	3074	3074
SOF	23.4114	42.6967	BGR	3977	LBSF	SOF	large_airport	1194	1194
NAS	-77.4662	25.0390	BHS	4951	MYNN	NAS	large_airport	1953	1953
SJJ	18.3315	43.8246	BIH	4469	LQSA	SJJ	large_airport	1646	1646
MSQ	28.0307	53.8825	BLR	6501	UMMS	MSQ	large_airport	2954	2954
BZE	-88.3082	17.5391	BLZ	4956	MZBZ	BZE	large_airport	1957	1957
LPB	-68.1923	-16.5133	BOL	6184	SLLP	LPB	large_airport	2762	2762
GBE	25.9182	-24.5552	BWA	2864	FBSK	GBE	large_airport	881	881
BGF	18.5188	4.3985	CAF	2873	FEFF	BGF	large_airport	888	888
ZRH	8.5492	47.4647	CHE	4505	LSZH	ZRH	large_airport	1678	1678
CKG	106.6420	29.7192	CHN	27228	ZUCK	CKG	large_airport	3393	3393
CTU	103.9470	30.5785	CHN	27230	ZUUU	CTU	large_airport	3395	3395
HGH	120.4340	30.2295	CHN	27218	ZSHC	HGH	large_airport	3386	3386
KMG	102.9292	25.1019	CHN	27214	ZPPP	KMG	large_airport	3382	3382
SZX	113.8110	22.6393	CHN	27198	ZGSZ	SZX	large_airport	3374	3374
XIY	108.7520	34.4471	CHN	27205	ZLXY	XIY	large_airport	3379	3379
XMN	118.1280	24.5440	CHN	27215	ZSAM	XMN	large_airport	3383	3383
ABJ	-3.9263	5.2614	CIV	2096	DIAP	ABJ	large_airport	253	253
DLA	9.7195	4.0061	CMR	2882	FKKD	DLA	large_airport	897	897
SJO	-84.2088	9.9939	CRI	4810	MROC	SJO	large_airport	1885	1885
LCA	33.6249	34.8751	CYP	3980	LCLK	LCA	large_airport	1197	1197
PRG	14.2600	50.1008	CZE	4408	LKPR	PRG	large_airport	1587	1587
DUS	6.7668	51.2895	DEU	2217	EDDL	DUS	large_airport	345	345
MUC	11.7861	48.3538	DEU	2218	EDDM	MUC	large_airport	346	346
JIB	43.1595	11.5473	DJI	3174	HDAM	JIB	large_airport	4119	4119
CPH	12.6560	55.6179	DNK	2542	EKCH	CPH	large_airport	609	609
PUJ	-68.3634	18.5674	DOM	4636	MDPC	PUJ	large_airport	1760	1760
UIO	-78.3575	-0.1292	ECU	308273	SEQM	UIO	large_airport	2688	2688
ASM	38.9107	15.2919	ERI	3202	HHAS	ASM	medium_airport	3967	3967
PMI	2.7388	39.5517	ESP	4035	LEPA	PMI	large_airport	3998	3998
TLL	24.8328	59.4133	EST	2301	EETN	TLL	large_airport	415	415
HEL	24.9633	60.3172	FIN	2307	EFHK	HEL	large_airport	421	421
LBV	9.4123	0.4586	GAB	2966	FOOL	LBV	large_airport	970	970
LGW	-0.1903	51.1481	GBR	2429	EGKK	LGW	large_airport	502	502
MAN	-2.2750	53.3537	GBR	2398	EGCC	MAN	large_airport	478	478
TBS	44.9547	41.6692	GEO	6453	UGTB	TBS	large_airport	3973	3973
CKY	-13.6120	9.5769	GIN	3146	GUCY	CKY	large_airport	4162	4162
BJL	-16.6522	13.3380	GMB	3076	GBYD	BJL	large_airport	1050	1050
OXB	-15.6537	11.8948	GNB	3097	GGOV	OXB	large_airport	5665	5665
SSG	8.7087	3.7553	GNQ	2876	FGSL	SSG	large_airport	891	891
GOH	-51.6781	64.1909	GRL	114	BGGH	GOH	large_airport	8	8
GUA	-90.5275	14.5833	GTM	4644	MGGT	GUA	large_airport	1767	1767
GEO	-58.2541	6.4985	GUY	6356	SYCJ	GEO	large_airport	4304	4304
SAP	-87.9236	15.4526	HND	4661	MHLM	SAP	large_airport	1772	1772
DBV	18.2682	42.5614	HRV	3984	LDDU	DBV	large_airport	1200	1200
PAP	-72.2925	18.5800	HTI	4825	MTPP	PAP	large_airport	1897	1897
BUD	19.2611	47.4298	HUN	4296	LHBP	BUD	large_airport	1489	1489
CCJ	75.9553	11.1368	IND	26610	VOCL	CCJ	large_airport	3137	3137
GAU	91.5859	26.1061	IND	26501	VEGT	GAU	large_airport	6173	6173
GOI	73.8314	15.3808	IND	26444	VOGO	GOI	large_airport	3007	3007
JAI	75.8122	26.8242	IND	26563	VIJP	JAI	large_airport	3098	3098
LKO	80.8893	26.7606	IND	26570	VILK	LKO	large_airport	3105	3105
PNQ	73.9197	18.5821	IND	26455	VAPO	PNQ	large_airport	3017	3017
TRV	76.9201	8.4821	IND	26629	VOTV	TRV	large_airport	3153	3153
DUB	-6.2701	53.4213	IRL	2533	EIDW	DUB	large_airport	599	599
THR	51.3134	35.6892	IRN	5168	OIII	THR	large_airport	2131	2131
EBL	43.9632	36.2376	IRQ	5292	ORER	EBL	large_airport	3989	3989
KEF	-22.6056	63.9850	ISL	123	BIKF	KEF	large_airport	16	16
MBJ	-77.9134	18.5037	JAM	4681	MKJS	MBJ	large_airport	1780	1780
ALA	77.0405	43.3521	KAZ	6421	UAAA	ALA	large_airport	2908	2908
REP	103.8130	13.4107	KHM	26476	KH-0003		closed	3035	3035
KWI	47.9689	29.2266	KWT	5220	OKKK	KWI	large_airport	2176	2176
VTE	102.5630	17.9883	LAO	26588	VLVT	VTE	large_airport	3120	3120
ROB	-10.3623	6.2338	LBR	3099	GLRB	ROB	large_airport	1063	1063
TIP	13.1590	32.6635	LBY	3227	LY-0019		closed	1157	1157
BTC	81.6788	7.7058	LKA	26465	VCCB	BTC	medium_airport	3026	\N
GIU	80.7285	7.9567	LKA	4392	VCCS	GIU	small_airport	9229	9229
HRI	81.1241	6.2845	LKA	309579	VCRI	HRI	medium_airport	8949	8949
KCT	80.3203	5.9937	LKA	26469	VCCK	KCT	medium_airport	6169	6169
TRR	81.1819	8.5385	LKA	26471	VCCT	TRR	medium_airport	3030	3030
MSU	27.5525	-29.4623	LSO	3022	FXMM	MSU	large_airport	1018	1018
VNO	25.2858	54.6341	LTU	2766	EYVI	VNO	large_airport	3959	3959
LUX	6.2044	49.6233	LUX	2563	ELLX	LUX	large_airport	629	629
RIX	23.9711	56.9236	LVA	2758	EVRA	RIX	large_airport	3953	3953
KIV	28.9310	46.9277	MDA	4571	LUKK	RMO	large_airport	1735	1735
TNR	47.4788	-18.7969	MDG	2908	FMMI	TNR	large_airport	918	918
SKP	21.6214	41.9616	MKD	4573	LWSK	SKP	large_airport	1737	1737
BKO	-7.9499	12.5335	MLI	3066	GABS	BKO	large_airport	1044	1044
TGD	19.2519	42.3594	MNE	4613	LYPG	TGD	large_airport	1741	1741
ULN	106.7670	47.8431	MNG	27212	ZMUB	ULN	large_airport	3380	3380
MPM	32.5726	-25.9208	MOZ	2975	FQMA	MPM	large_airport	979	979
NKC	-15.9697	18.3100	MRT	323315	GQNO	NKC	large_airport	1094	1094
LLW	33.7810	-13.7894	MWI	3018	FWKI	LLW	large_airport	1016	1016
WDH	17.4709	-22.4799	NAM	3039	FYWH	WDH	large_airport	4105	4105
NOU	166.2130	-22.0146	NCL	5021	NWWW	NOU	large_airport	2005	2005
NIM	2.1836	13.4815	NER	2125	DRRN	NIM	large_airport	280	280
MGA	-86.1682	12.1415	NIC	4774	MNMG	MGA	large_airport	1863	1863
OSL	11.0502	60.1210	NOR	2578	ENGM	OSL	large_airport	644	644
BDP	88.0796	26.5708	NPL	26594	VNCG	BDP	small_airport	6180	6180
BHR	84.4294	27.6781	NPL	30707	VNBP	BHR	small_airport	6179	6179
BIR	87.2640	26.4815	NPL	26600	VNVT	BIR	medium_airport	3129	3129
BWA	83.4163	27.5057	NPL	26593	VNBW	BWA	large_airport	3122	3122
DHI	80.5819	28.7533	NPL	30913	VNDH	DHI	small_airport	4188	4188
JKR	85.9224	26.7088	NPL	26595	VNJP	JKR	medium_airport	3124	\N
KEP	81.6670	28.1036	NPL	26597	VNNG	KEP	medium_airport	6182	6182
PKR	83.9821	28.2009	NPL	26598	VNPK	PKR	medium_airport	3127	3127
TMI	87.1933	27.3150	NPL	32463	VNTR	TMI	small_airport	4183	4183
BHE	173.8700	-41.5183	NZL	5058	NZWB	BHE	medium_airport	2037	2037
DUD	170.1980	-45.9281	NZL	5028	NZDN	DUD	medium_airport	2011	2011
HLZ	175.3320	-37.8667	NZL	5033	NZHN	HLZ	medium_airport	2015	2015
NPE	176.8700	-39.4658	NZL	5043	NZNR	NPE	medium_airport	4095	4095
NPL	174.1790	-39.0086	NZL	5042	NZNP	NPL	medium_airport	2023	2023
NSN	173.2210	-41.2983	NZL	5044	NZNS	NSN	medium_airport	2024	2024
PMR	175.6170	-40.3206	NZL	5049	NZPM	PMR	medium_airport	2028	2028
ROT	176.3170	-38.1092	NZL	5052	NZRO	ROT	medium_airport	2031	2031
TRG	176.1960	-37.6719	NZL	5055	NZTG	TRG	medium_airport	2034	2034
TUO	176.0840	-38.7397	NZL	5024	NZAP	TUO	medium_airport	2007	2007
WLG	174.8050	-41.3272	NZL	5063	NZWN	WLG	large_airport	2042	2042
WRE	174.3650	-35.7683	NZL	5066	NZWR	WRE	medium_airport	2045	2045
ZQN	168.7390	-45.0211	NZL	5051	NZQN	ZQN	large_airport	2030	2030
BHV	71.7180	29.3481	PAK	5247	OPBW	BHV	medium_airport	5939	5939
DEA	70.4859	29.9610	PAK	5249	OPDG	DEA	medium_airport	5942	5942
GWD	62.3295	25.2333	PAK	342092	OPGD	GWD	large_airport	2203	2203
MJD	68.1431	27.3352	PAK	5262	OPMJ	MJD	medium_airport	2212	2212
MUX	71.4191	30.2032	PAK	5264	OPMT	MUX	large_airport	2214	2214
PEW	71.5146	33.9939	PAK	5270	OPPS	PEW	large_airport	2219	2219
PZH	69.4636	31.3584	PAK	5285	OPZB	PZH	medium_airport	2233	2233
RYK	70.2796	28.3839	PAK	5273	OPRK	RYK	medium_airport	2222	2222
SKT	74.3639	32.5356	PAK	41624	OPST	SKT	large_airport	6776	6776
SKZ	68.7917	27.7220	PAK	5279	OPSK	SKZ	medium_airport	2227	2227
TUK	63.0302	25.9864	PAK	5283	OPTU	TUK	large_airport	5951	5951
UET	66.9378	30.2514	PAK	5272	OPQT	UET	large_airport	2221	2221
SJU	-66.0018	18.4394	PRI	6384	TJSJ	SJU	large_airport	2890	2890
FNJ	125.6700	39.2241	PRK	27203	ZKPY	FNJ	large_airport	3377	3377
ASU	-57.5200	-25.2400	PRY	6088	SGAS	ASU	large_airport	2699	2699
OTP	26.0850	44.5711	ROU	4482	LROP	OTP	large_airport	1657	1657
DME	37.9063	55.4088	RUS	26394	UUDD	DME	large_airport	4029	4029
KGL	30.1395	-1.9686	RWA	3237	HRYR	KGL	large_airport	1165	1165
EUN	-13.2192	27.1517	SAH	3112	GMML	EUN	large_airport	5672	5672
KRT	32.5532	15.5895	SDN	3249	HSSK	KRT	large_airport	1175	1175
JUB	31.6011	4.8720	SDS	3247	HJJJ	JUB	large_airport	1173	1173
DKR	-17.4902	14.7397	SEN	3125	GOOY	DKR	large_airport	1084	1084
HIR	160.0550	-9.4280	SLB	3	AGGH	HIR	large_airport	4074	4074
FNA	-13.1955	8.6164	SLE	3095	GFLL	FNA	large_airport	1059	1059
SAL	-89.0557	13.4409	SLV	4820	MSLP	SAL	large_airport	1892	1892
MGQ	45.3047	2.0144	SOM	31899	HCMM	MGQ	large_airport	5687	5687
BEG	20.3091	44.8184	SRB	4610	LYBE	BEG	large_airport	1739	1739
PBM	-55.1878	5.4528	SUR	6195	SMJP	PBM	large_airport	2773	2773
BTS	17.2127	48.1702	SVK	4617	LZIB	BTS	large_airport	1745	1745
LJU	14.4576	46.2237	SVN	4386	LJLJ	LJU	large_airport	1569	1569
ARN	17.9186	59.6519	SWE	2701	ESSA	ARN	large_airport	737	737
NDJ	15.0340	12.1337	TCD	2998	FTTJ	NDJ	large_airport	999	999
LFW	1.2545	6.1656	TGO	2144	DXXX	LFW	large_airport	298	298
DYU	68.8250	38.5433	TJK	26385	UTDD	DYU	large_airport	2979	2979
ASB	58.3610	37.9868	TKM	26380	UTAA	ASB	large_airport	2976	2976
POS	-61.3372	10.5954	TTO	6410	TTPP	POS	large_airport	2902	2902
TPE	121.2330	25.0777	TWN	5528	RCTP	TPE	large_airport	2276	2276
EBB	32.4435	0.0424	UGA	3263	HUEN	EBB	large_airport	1187	1187
MVD	-56.0308	-34.8384	URY	6247	SUMU	MVD	large_airport	2816	2816
CLT	-80.9431	35.2140	USA	3457	KCLT	CLT	large_airport	3876	3876
DEN	-104.6730	39.8617	USA	3486	KDEN	DEN	large_airport	3751	3751
EWR	-74.1687	40.6925	USA	3521	KEWR	EWR	large_airport	3494	3494
IAH	-95.3414	29.9844	USA	3604	KIAH	IAH	large_airport	3550	3550
LAS	-115.1520	36.0801	USA	3631	KLAS	LAS	large_airport	3877	3877
PHL	-75.2411	39.8719	USA	3771	KPHL	PHL	large_airport	3752	3752
PHX	-112.0120	33.4343	USA	3772	KPHX	PHX	large_airport	3462	3462
TAS	69.2812	41.2579	UZB	26392	UTTT	TAS	large_airport	2983	2983
CCS	-66.9912	10.6012	VEN	6300	SVMI	CCS	large_airport	2851	2851
VLI	168.3200	-17.6993	VUT	5011	NVVV	VLI	large_airport	1997	1997
SAH	44.2197	15.4763	YEM	5318	OYSN	SAH	large_airport	3980	3980
LUN	28.4526	-15.3308	ZMB	2894	FLLS	LUN	large_airport	907	907
HRE	31.0928	-17.9318	ZWE	3005	FVHA	HRE	large_airport	1005	1005
