source	destination	begins	kind	source_dataset	observed_flights	frequency	firstseen_utc	operator_icao	source_ident	destination_ident	openflights_airline	openflights_route_source_id	openflights_route_destination_id
WUH	PEK	0	domestic	OpenFlights-2014	0	0.1500			ZHHH	ZBAA	CA	3376	3364
WUH	PVG	1	domestic	OpenFlights-2014	0	0.1500			ZHHH	ZSPD	CZ	3376	3406
MNL	CAN	0	international	OpenSky-2020-01	18	0.3503	2020-01-01 21:13:03+00:00	PAL	RPLL	ZGGG			
HKG	TPE	0	international	OpenSky-2020-01	2463	0.9290	2019-12-31 23:33:20+00:00	CPA	VHHH	RCTP			
SIN	BKK	0	international	OpenSky-2020-01	1427	0.8641	2019-12-31 22:15:15+00:00	SIA	WSSS	VTBS			
ICN	HKG	0	international	OpenSky-2020-01	1385	0.8605	2019-12-31 22:03:38+00:00	KAL	RKSI	VHHH			
LHR	CDG	0	international	OpenSky-2020-01	770	0.7908	2020-01-01 07:01:33+00:00	BAW	EGLL	LFPG			
HKG	NRT	0	international	OpenSky-2020-01	58	0.4850	2020-01-02 03:09:13+00:00	HKE	VHHH	RJAA			
LAX	JFK	8	domestic	OpenSky-2020-01	1804	0.8920	2019-12-31 18:52:41+00:00	AAL	KLAX	KJFK	AA	3484	3797
DEL	BOM	9	domestic	OpenSky-2020-01	3779	0.9799	2019-12-31 22:43:24+00:00	IGO	VIDP	VABB	6E	3093	2997
SYD	MEL	9	domestic	OpenSky-2020-01	4475	1.0000	2019-12-31 23:05:33+00:00	QFA	YSSY	YMML	AA	3361	3339
AKL	CHC	9	domestic	OpenSky-2020-01	1449	0.8659	2019-12-31 23:06:59+00:00	ANZ	NZAA	NZCH	JQ	2006	2009
DXB	BOM	9	international	OpenSky-2020-01	871	0.8054	2019-12-31 22:34:48+00:00	UAE	OMDB	VABB	6E	2188	2997
JNB	CPT	10	domestic	OpenSky-2020-01	363	0.7015	2020-01-01 04:01:18+00:00	CAW	FAOR	FACT	BA	813	797
GRU	BSB	10	domestic	OpenSky-2020-01	602	0.7615	2019-12-31 22:47:08+00:00	TAM	SBGR	SBBR	AD	2564	2531
FRA	LHR	0	international	OpenSky-2020-01	929	0.8131	2020-01-01 06:32:54+00:00	DLH	EDDF	EGLL			
ORD	ATL	0	domestic	OpenSky-2020-01	1239	0.8473	2019-12-31 23:14:38+00:00	DAL	KORD	KATL			
LAX	SFO	8	domestic	OpenSky-2020-01	2681	0.9391	2019-12-31 23:10:11+00:00	UAL	KLAX	KSFO	AA	3484	3469
MIA	ATL	8	domestic	OpenSky-2020-01	1115	0.8348	2019-12-31 22:42:39+00:00	DAL	KMIA	KATL	AA	3576	3682
DEL	BLR	9	domestic	OpenSky-2020-01	2600	0.9354	2019-12-31 22:41:34+00:00	IGO	VIDP	VOBL	6E	3093	3131
MAA	DEL	0	domestic	OpenSky-2020-01	1380	0.8601	2019-12-31 21:59:15+00:00	IGO	VOMM	VIDP			
BNE	SYD	9	domestic	OpenSky-2020-01	2669	0.9385	2019-12-31 23:09:42+00:00	VOZ	YBBN	YSSY	AA	3320	3361
PER	MEL	9	domestic	OpenSky-2020-01	1081	0.8311	2019-12-31 20:17:54+00:00	QFA	YPPH	YMML	AA	3351	3339
GIG	GRU	10	domestic	OpenSky-2020-01	124	0.5744	2020-01-01 00:01:34+00:00	TAM	SBGL	SBGR	G3	2560	2564
HND	FUK	7	domestic	OpenSky-2020-01	2522	0.9318	2019-12-31 23:31:29+00:00	ANA	RJTT	RJFF	7G	2359	2305
HND	CTS	7	domestic	OpenFlights-2014	0	0.1500			RJTT	RJCC	BC	2359	2287
HND	ITM	0	domestic	OpenSky-2020-01	1224	0.8459	2019-12-31 23:35:18+00:00	ANA	RJTT	RJOO			
ITM	OKA	7	domestic	OpenFlights-2014	0	0.1500			RJOO	ROAH	JL	2334	2384
YUL	YYZ	9	domestic	OpenSky-2020-01	1932	0.9001	2019-12-31 23:09:44+00:00	ACA	CYUL	CYYZ	AC	146	193
YVR	YYZ	9	domestic	OpenSky-2020-01	1168	0.8403	2019-12-31 19:25:07+00:00	ACA	CYVR	CYYZ	AC	156	193
JNB	DUR	10	domestic	OpenFlights-2014	0	0.1500			FAOR	FALE	BA	813	799
CGK	DPS	8	domestic	OpenFlights-2014	0	0.1500			WIII	WADD	GA	3275	3940
IST	AYT	9	domestic	OpenFlights-2014	0	0.1500			LTFM	LTAI	8Q	1701	1688
EDI	LHR	8	domestic	OpenSky-2020-01	561	0.7532	2020-01-01 06:30:23+00:00	SHT	EGPH	EGLL	AA	535	507
CDG	NCE	8	domestic	OpenFlights-2014	0	0.1500			LFPG	LFMN	AF	1382	1354
FRA	TXL	8	domestic	OpenFlights-2014	0	0.1500			EDDF	DE-0876	AB	340	351
GMP	HND	0	international	OpenSky-2020-01	389	0.7097	2020-01-01 03:18:53+00:00	KAL	RKSS	RJTT			
GMP	CJU	7	domestic	OpenFlights-2014	0	0.1500			RKSS	RKPC	7C	2378	2370
GRU	EZE	0	international	OpenSky-2020-01	455	0.7283	2019-12-31 22:04:38+00:00	TAM	SBGR	SAEZ			
EZE	COR	10	domestic	OpenFlights-2014	0	0.1500			SAEZ	SACO	AR	3988	2443
MEX	CUN	9	domestic	OpenFlights-2014	0	0.1500			MMMX	MMUN	4O	1824	1852
LOS	ABV	10	domestic	OpenFlights-2014	0	0.1500			DNMM	DNAA	W3	273	260
DOH	LHR	8	international	OpenSky-2020-01	412	0.7165	2019-12-31 20:06:11+00:00	QTR	OTHH	EGLL	QR	11051	507
MAD	PMI	0	domestic	OpenSky-2020-01	865	0.8046	2020-01-01 05:35:29+00:00	AEA	LEMD	LEPA			
JNB	NBO	10	international	OpenFlights-2014	0	0.1500			FAOR	HKJK	KQ	813	4059
CAI	JED	9	international	OpenFlights-2014	0	0.1500			HECA	OEJN	MS	1128	2072
ADD	JNB	10	international	OpenFlights-2014	0	0.1500			HAAB	FAOR	ET	1107	813
KUL	SIN	7	international	OpenSky-2020-01	2451	0.9284	2019-12-31 23:38:42+00:00	AXM	WMKK	WSSS	3K	3304	3316
SCL	MIA	10	international	OpenFlights-2014	0	0.1500			SCEL	KMIA	AA	2650	3576
BOG	LIM	0	international	OpenSky-2020-01	256	0.6601	2020-01-05 13:32:08+00:00	TPU	SKBO	SPIM			
MEM	LAX	8	cargo	OpenFlights-2014	0	0.1500			KMEM	KLAX	DL	3473	3484
AMS	LHR	0	international	OpenSky-2020-01	868	0.8050	2020-01-01 06:38:50+00:00	BAW	EHAM	EGLL			
ORD	DFW	0	domestic	OpenSky-2020-01	1170	0.8405	2019-12-31 18:53:03+00:00	AAL	KORD	KDFW			
ISB	DXB	0	international	OpenFlights-2014	0	0.1500			OPIS	OMDB	EK	2223	2188
KHI	DXB	0	international	OpenFlights-2014	0	0.1500			OPKC	OMDB	EK	2206	2188
LHE	DOH	0	international	OpenFlights-2014	0	0.1500			OPLA	OTHH	PK	2207	11051
DAC	DEL	0	international	OpenFlights-2014	0	0.1500			VGHS	VIDP	9W	3076	3093
CGP	DAC	0	domestic	OpenFlights-2014	0	0.1500			VGEG	VGHS	4H	3069	3076
MAA	CMB	0	international	OpenSky-2020-01	400	0.7130	2020-01-01 01:01:18+00:00	ALK	VOMM	VCBI	AI	3144	3024
KTM	KUL	0	international	OpenSky-2020-01	134	0.5835	2020-01-02 11:30:11+00:00	MXD	VNKT	WMKK	D7	3125	3304
MLE	CMB	0	international	OpenFlights-2014	0	0.1500			VRMM	VCBI	BA	3156	3024
PBH	KTM	0	international	OpenFlights-2014	0	0.1500			VQPR	VNKT	KB	3155	3125
KBL	DEL	0	international	OpenFlights-2014	0	0.1500			OAKB	VIDP	4Q	2050	3093
DEL	CCU	0	domestic	OpenSky-2020-01	1668	0.8826	2019-12-31 23:12:24+00:00	IGO	VIDP	VECC			
HYD	DXB	0	international	OpenFlights-2014	0	0.1500			VOHS	OMDB	6E	\N	2188
COK	SIN	0	international	OpenFlights-2014	0	0.1500			VOCI	WSSS	MI	3136	3316
AMD	DEL	0	domestic	OpenFlights-2014	0	0.1500			VAAH	VIDP	6E	2994	3093
MEL	ADL	0	domestic	OpenSky-2020-01	1161	0.8396	2019-12-31 23:15:08+00:00	VOZ	YMML	YPAD			
SYD	CBR	0	domestic	OpenSky-2020-01	1084	0.8314	2019-12-31 23:21:47+00:00	QLK	YSSY	YSCB			
DRW	SIN	0	international	OpenFlights-2014	0	0.1500			YPDN	WSSS	3K	3999	3316
HBA	MEL	0	domestic	OpenSky-2020-01	742	0.7864	2019-12-31 23:20:17+00:00	JST	YMHB	YMML	JQ	3336	3339
OOL	SYD	0	domestic	OpenSky-2020-01	1144	0.8378	2019-12-31 23:19:16+00:00	JST	YBCG	YSSY			
NAN	SYD	0	international	OpenFlights-2014	0	0.1500			NFFN	YSSY	FJ	1960	3361
POM	BNE	0	international	OpenFlights-2014	0	0.1500			AYPY	YBBN	CG	5	3320
ACC	LOS	0	international	OpenFlights-2014	0	0.1500			DGAA	DNMM	3G	248	273
CMN	CDG	0	international	OpenSky-2020-01	185	0.6216	2020-01-01 07:07:42+00:00	AFR	GMMN	LFPG	AF	1074	1382
ALG	CDG	0	international	OpenSky-2020-01	465	0.7309	2020-01-01 05:14:19+00:00	DAH	DAAG	LFPG			
TUN	CAI	0	international	OpenFlights-2014	0	0.1500			DTTA	HECA	MS	287	1128
DAR	NBO	0	international	OpenFlights-2014	0	0.1500			HTDA	HKJK	IY	1177	4059
CDG	FCO	0	international	OpenSky-2020-01	613	0.7637	2020-01-01 05:31:53+00:00	AFR	LFPG	LIRF			
PMI	BCN	0	domestic	OpenSky-2020-01	561	0.7532	2020-01-01 06:04:40+00:00	VLG	LEPA	LEBL			
FCO	ATH	0	international	OpenSky-2020-01	255	0.6596	2020-01-01 04:05:20+00:00	AZA	LIRF	LGAV			
LIS	MAD	0	international	OpenSky-2020-01	649	0.7705	2020-01-01 07:00:07+00:00	TAP	LPPT	LEMD			
CDG	WAW	0	international	OpenSky-2020-01	373	0.7047	2020-01-01 06:40:25+00:00	LOT	LFPG	EPWA			
VIE	KBP	0	international	OpenSky-2020-01	196	0.6285	2020-01-01 07:35:58+00:00	AUA	LOWW	UKBB			
RIX	SVO	0	international	OpenSky-2020-01	483	0.7354	2020-01-01 00:31:25+00:00	AFL	EVRA	UUEE			
PTY	MIA	0	international	OpenFlights-2014	0	0.1500			MPTO	KMIA	AA	1871	3576
HAV	MEX	0	international	OpenFlights-2014	0	0.1500			MUHA	MMMX	4O	1909	1824
TLV	FCO	0	international	OpenSky-2020-01	294	0.6765	2020-01-01 03:43:14+00:00	AZA	LLBG	LIRF			
DXB	BEY	0	international	OpenSky-2020-01	323	0.6877	2019-12-31 23:08:44+00:00	MEA	OMDB	OLBA	EK	2188	2177
AMM	CAI	0	international	OpenFlights-2014	0	0.1500			OJAI	HECA	MS	2170	1128
MCT	DXB	0	international	OpenFlights-2014	0	0.1500			OOMS	OMDB	EK	2194	2188
SGN	HAN	0	domestic	OpenFlights-2014	0	0.1500			VVTS	VVNB	BL	3205	3199
RGN	BKK	0	international	OpenFlights-2014	0	0.1500			VYYY	VTBS	8M	3239	3885
HEA	KBL	0	domestic	OpenFlights-2014	0	0.1500			OAHR	OAKB	4Q	2048	2050
KBL	KDH	0	domestic	OpenFlights-2014	0	0.1500			OAKB	OAKN	FG	2050	2051
KBL	MZR	0	domestic	OpenFlights-2014	0	0.1500			OAKB	OAMS	4Q	2050	2053
DXB	LAD	0	international	OpenFlights-2014	0	0.1500			OMDB	FNLU	DT	2188	951
FCO	TIA	0	international	OpenFlights-2014	0	0.1500			LIRF	LATI	AZ	1555	1190
BOM	AUH	0	international	OpenSky-2020-01	179	0.6177	2019-12-31 23:21:14+00:00	ETD	VABB	OMAA	9W	2997	2179
EVN	SVO	0	international	OpenSky-2020-01	430	0.7216	2020-01-01 00:43:54+00:00	AFL	UDYZ	UUEE			
ASP	SYD	0	domestic	OpenFlights-2014	0	0.1500			YBAS	YSSY	AA	3319	3361
BME	PER	0	domestic	OpenFlights-2014	0	0.1500			YBRM	YPPH	QF	4319	3351
CNS	BNE	0	domestic	OpenSky-2020-01	765	0.7900	2019-12-31 20:46:53+00:00	VOZ	YBCS	YBBN	AA	3322	3320
BNE	ISA	0	domestic	OpenFlights-2014	0	0.1500			YBBN	YBMA	QF	3320	3324
PER	PHE	0	domestic	OpenFlights-2014	0	0.1500			YPPH	YPPD	QF	3351	3349
BNE	TSV	0	domestic	OpenFlights-2014	0	0.1500			YBBN	YBTL	AA	3320	3330
FRA	GYD	0	international	OpenFlights-2014	0	0.1500			EDDF	UBBB	J2	340	2922
KGL	BJM	0	international	OpenFlights-2014	0	0.1500			HRYR	HBBA	AF	1165	1120
BRU	LHR	0	international	OpenSky-2020-01	390	0.7100	2020-01-01 06:46:49+00:00	BAW	EBBR	EGLL			
COO	ABJ	0	international	OpenFlights-2014	0	0.1500			DBBB	DIAP	AC	245	253
ABJ	OUA	0	international	OpenFlights-2014	0	0.1500			DIAP	DFFD	2J	253	246
BZL	DAC	0	domestic	OpenFlights-2014	0	0.1500			VGBR	VGHS	4H	6176	3076
CXB	DAC	0	domestic	OpenFlights-2014	0	0.1500			VGCB	VGHS	4H	3068	3076
DAC	JSR	0	domestic	OpenFlights-2014	0	0.1500			VGHS	VGJR	4H	3076	3071
RJH	DAC	0	domestic	OpenFlights-2014	0	0.1500			VGRJ	VGHS	4H	3072	3076
DAC	SPD	0	domestic	OpenFlights-2014	0	0.1500			VGHS	VGSD	4H	3076	3073
DAC	ZYL	0	domestic	OpenFlights-2014	0	0.1500			VGHS	VGSY	4H	3076	3074
ATH	SOF	0	international	OpenFlights-2014	0	0.1500			LGAV	LBSF	A3	3941	1194
ATL	NAS	0	international	OpenFlights-2014	0	0.1500			KATL	MYNN	AF	3682	1953
IST	SJJ	0	international	OpenFlights-2014	0	0.1500			LTFM	LQSA	JA	1701	1646
MSQ	SVO	0	international	OpenSky-2020-01	325	0.6884	2020-01-01 02:46:10+00:00	AFL	UMMS	UUEE			
BZE	DFW	0	international	OpenFlights-2014	0	0.1500			MZBZ	KDFW	AA	1957	3670
LIM	LPB	0	international	OpenFlights-2014	0	0.1500			SPIM	SLLP	AM	2789	2762
GBE	JNB	0	international	OpenFlights-2014	0	0.1500			FBSK	FAOR	BP	881	813
DLA	BGF	0	international	OpenFlights-2014	0	0.1500			FKKD	FEFF	AT	897	888
ZRH	LHR	0	international	OpenSky-2020-01	766	0.7902	2020-01-01 06:07:17+00:00	SWR	LSZH	EGLL			
SZX	CKG	0	domestic	OpenSky-2020-01	734	0.7851	2019-12-31 22:25:33+00:00	CSZ	ZGSZ	ZUCK			
CTU	PVG	0	domestic	OpenFlights-2014	0	0.1500			ZUUU	ZSPD	3U	3395	3406
CAN	HGH	0	domestic	OpenFlights-2014	0	0.1500			ZGGG	ZSHC	AF	3370	3386
CTU	KMG	0	domestic	OpenFlights-2014	0	0.1500			ZUUU	ZPPP	3U	3395	3382
PVG	XIY	0	domestic	OpenFlights-2014	0	0.1500			ZSPD	ZLXY	CA	3406	3379
SIN	XMN	0	international	OpenSky-2020-01	1	0.1500	2020-01-20 01:09:43+00:00	CXA	WSSS	ZSAM			
SJO	MIA	0	international	OpenSky-2020-01	411	0.7162	2019-12-31 22:20:52+00:00	AAL	MROC	KMIA			
TLV	LCA	0	international	OpenSky-2020-01	11	0.2956	2020-01-02 13:11:03+00:00	ELY	LLBG	LCLK			
SVO	PRG	0	international	OpenSky-2020-01	426	0.7205	2019-12-31 22:28:39+00:00	AFL	UUEE	LKPR			
MUC	DUS	0	domestic	OpenSky-2020-01	1063	0.8291	2020-01-01 08:01:12+00:00	DLH	EDDM	EDDL			
ADD	JIB	0	international	OpenFlights-2014	0	0.1500			HAAB	HDAM	ET	1107	4119
CPH	ARN	0	international	OpenSky-2020-01	1027	0.8250	2020-01-01 06:22:33+00:00	SAS	EKCH	ESSA			
PUJ	YYZ	0	international	OpenSky-2020-01	132	0.5817	2019-12-31 20:18:47+00:00	SWG	MDPC	CYYZ			
BOG	UIO	0	international	OpenSky-2020-01	30	0.4085	2020-01-01 01:50:06+00:00	GLG	SKBO	SEQM	2K	2709	2688
ASM	JED	0	international	OpenFlights-2014	0	0.1500			HHAS	OEJN	UE	3967	2072
TLL	HEL	0	international	OpenSky-2020-01	355	0.6989	2020-01-01 09:56:49+00:00	FIN	EETN	EFHK			
DLA	LBV	0	international	OpenFlights-2014	0	0.1500			FKKD	FOOL	QC	897	970
LGW	DUB	0	international	OpenSky-2020-01	705	0.7803	2020-01-01 06:37:13+00:00	RYR	EGKK	EIDW			
DUB	MAN	0	international	OpenSky-2020-01	647	0.7701	2020-01-01 06:46:36+00:00	RYR	EIDW	EGCC			
TBS	TLV	0	international	OpenFlights-2014	0	0.1500			UGTB	LLBG	6H	3973	1590
CKY	DKR	0	international	OpenFlights-2014	0	0.1500			GUCY	GOOY	AC	4162	1084
AMS	BJL	0	international	OpenSky-2020-01	32	0.4159	2020-01-01 07:07:58+00:00	TFL	EHAM	GBYD			
BJL	OXB	0	international	OpenSky-2020-01	1	0.1500	2020-01-24 17:59:04+00:00	SZN	GBYD	GGOV			
DLA	SSG	0	international	OpenFlights-2014	0	0.1500			FKKD	FGSL	AF	897	891
GOH	KEF	0	international	OpenFlights-2014	0	0.1500			BGGH	BIKF	GL	8	16
LAX	GUA	0	international	OpenSky-2020-01	39	0.4388	2019-12-31 19:54:59+00:00	DAL	KLAX	MGGT			
GEO	YYZ	0	international	OpenFlights-2014	0	0.1500			SYCJ	CYYZ	BW	4304	193
MIA	SAP	0	international	OpenFlights-2014	0	0.1500			KMIA	MHLM	AA	3576	1772
FRA	DBV	0	international	OpenFlights-2014	0	0.1500			EDDF	LDDU	DE	340	1200
JFK	PAP	0	international	OpenFlights-2014	0	0.1500			KJFK	MTPP	AA	3797	1897
FRA	BUD	0	international	OpenSky-2020-01	340	0.6937	2020-01-01 07:43:43+00:00	DLH	EDDF	LHBP			
CCJ	DXB	0	international	OpenFlights-2014	0	0.1500			VOCL	OMDB	AI	3137	2188
DEL	GAU	0	domestic	OpenFlights-2014	0	0.1500			VIDP	VEGT	6E	3093	6173
BOM	GOI	0	domestic	OpenFlights-2014	0	0.1500			VABB	VOGO	6E	2997	3007
BOM	JAI	0	domestic	OpenFlights-2014	0	0.1500			VABB	VIJP	6E	2997	3098
DEL	LKO	0	domestic	OpenFlights-2014	0	0.1500			VIDP	VILK	6E	3093	3105
PNQ	DEL	0	domestic	OpenSky-2020-01	1002	0.8221	2019-12-31 23:35:15+00:00	IGO	VAPO	VIDP	6E	3017	3093
TRV	BLR	0	domestic	OpenSky-2020-01	71	0.5087	2020-01-04 02:28:51+00:00	IGO	VOTV	VOBL			
JED	THR	0	international	OpenFlights-2014	0	0.1500			OEJN	OIII	SV	2072	2131
ARN	EBL	0	international	OpenFlights-2014	0	0.1500			ESSA	ORER	ST	737	3989
MBJ	ATL	0	international	OpenFlights-2014	0	0.1500			MKJS	KATL	AF	1780	3682
ALA	SVO	0	international	OpenSky-2020-01	129	0.5790	2020-01-01 10:15:03+00:00	AFL	UAAA	UUEE			
ICN	REP	0	international	OpenFlights-2014	0	0.1500			RKSI	KH-0003	DL	3930	3035
JED	KWI	0	international	OpenFlights-2014	0	0.1500			OEJN	OKKK	FG	2072	2176
BKK	VTE	0	international	OpenFlights-2014	0	0.1500			VTBS	VLVT	LF	3885	3120
FNA	ROB	0	international	OpenFlights-2014	0	0.1500			GFLL	GLRB	3G	1059	1063
TIP	TUN	0	international	OpenFlights-2014	0	0.1500			LY-0019	DTTA	8U	1157	287
BTC	GIU	0	domestic	OpenFlights-2014	0	0.1500			VCCB	VCCS	UL	\N	9229
HRI	CMB	0	domestic	OpenFlights-2014	0	0.1500			VCRI	VCBI	EY	8949	3024
CMB	KCT	0	domestic	OpenFlights-2014	0	0.1500			VCBI	VCCK	UL	3024	6169
GIU	TRR	0	domestic	OpenFlights-2014	0	0.1500			VCCS	VCCT	UL	9229	3030
JNB	MSU	0	international	OpenFlights-2014	0	0.1500			FAOR	FXMM	SA	813	1018
WAW	VNO	0	international	OpenSky-2020-01	34	0.4229	2020-01-01 13:27:32+00:00	LOT	EPWA	EYVI			
MUC	LUX	0	international	OpenSky-2020-01	262	0.6628	2020-01-01 14:40:34+00:00	LGL	EDDM	ELLX			
KIV	OTP	0	international	OpenFlights-2014	0	0.1500			LUKK	LROP	9U	1735	1657
CDG	TNR	0	international	OpenFlights-2014	0	0.1500			LFPG	FMMI	AF	1382	918
SKP	ZRH	0	international	OpenFlights-2014	0	0.1500			LWSK	LSZH	4T	1737	1678
CDG	BKO	0	international	OpenSky-2020-01	19	0.3564	2020-01-01 10:29:11+00:00	AFR	LFPG	GABS			
FCO	TGD	0	international	OpenFlights-2014	0	0.1500			LIRF	LYPG	AZ	1555	1741
PEK	ULN	0	international	OpenFlights-2014	0	0.1500			ZBAA	ZMUB	CA	3364	3380
JNB	MPM	0	international	OpenFlights-2014	0	0.1500			FAOR	FQMA	QR	813	979
DKR	NKC	0	international	OpenFlights-2014	0	0.1500			GOOY	GQNO	DN	1084	1094
LLW	LUN	0	international	OpenFlights-2014	0	0.1500			FWKI	FLLS	AF	1016	907
JNB	WDH	0	international	OpenFlights-2014	0	0.1500			FAOR	FYWH	BA	813	4105
NOU	SYD	0	international	OpenFlights-2014	0	0.1500			NWWW	YSSY	QF	2005	3361
NIM	OUA	0	international	OpenFlights-2014	0	0.1500			DRRN	DFFD	2J	280	246
MGA	SJO	0	international	OpenFlights-2014	0	0.1500			MNMG	MROC	5C	1863	1885
OSL	ARN	0	international	OpenSky-2020-01	833	0.8001	2020-01-01 05:47:31+00:00	SAS	ENGM	ESSA			
BDP	KTM	0	domestic	OpenFlights-2014	0	0.1500			VNCG	VNKT	YT	6180	3125
BHR	KTM	0	domestic	OpenFlights-2014	0	0.1500			VNBP	VNKT	YT	6179	3125
BIR	KTM	0	domestic	OpenFlights-2014	0	0.1500			VNVT	VNKT	YT	3129	3125
BWA	KTM	0	domestic	OpenSky-2020-01	10	0.2852	2020-01-03 10:28:43+00:00	BHA	VNBW	VNKT	YT	3122	3125
DHI	KTM	0	domestic	OpenFlights-2014	0	0.1500			VNDH	VNKT	YT	4188	3125
JKR	KTM	0	domestic	OpenFlights-2014	0	0.1500			VNJP	VNKT	YT	\N	3125
KEP	KTM	0	domestic	OpenFlights-2014	0	0.1500			VNNG	VNKT	YT	6182	3125
KTM	PKR	0	domestic	OpenFlights-2014	0	0.1500			VNKT	VNPK	YT	3125	3127
KTM	TMI	0	domestic	OpenFlights-2014	0	0.1500			VNKT	VNTR	YT	3125	4183
AKL	BHE	0	domestic	OpenFlights-2014	0	0.1500			NZAA	NZWB	NZ	2006	2037
AKL	DUD	0	domestic	OpenSky-2020-01	1	0.1500	2020-01-23 18:37:25+00:00	ANZ	NZAA	NZDN	JQ	2006	2011
HLZ	WLG	0	domestic	OpenSky-2020-01	126	0.5762	2020-01-01 02:32:08+00:00	NZM	NZHN	NZWN			
AKL	NPE	0	domestic	OpenFlights-2014	0	0.1500			NZAA	NZNR	NZ	2006	4095
AKL	NPL	0	domestic	OpenFlights-2014	0	0.1500			NZAA	NZNP	NZ	2006	2023
AKL	NSN	0	domestic	OpenFlights-2014	0	0.1500			NZAA	NZNS	NZ	2006	2024
PMR	AKL	0	domestic	OpenSky-2020-01	394	0.7112	2020-01-05 06:33:25+00:00	NZM	NZPM	NZAA	NZ	2028	2006
AKL	ROT	0	domestic	OpenSky-2020-01	192	0.6260	2020-01-01 03:21:20+00:00	RLK	NZAA	NZRO	NZ	2006	2031
TRG	AKL	0	domestic	OpenSky-2020-01	231	0.6479	2020-01-01 02:25:21+00:00	RLK	NZTG	NZAA	NZ	2034	2006
AKL	TUO	0	domestic	OpenSky-2020-01	67	0.5019	2019-12-31 23:51:08+00:00	RLK	NZAA	NZAP	NZ	2006	2007
AKL	WRE	0	domestic	OpenSky-2020-01	135	0.5844	2020-01-01 02:28:52+00:00	RLK	NZAA	NZWR	NZ	2006	2045
SYD	ZQN	0	international	OpenFlights-2014	0	0.1500			YSSY	NZQN	EK	3361	2030
BHV	DXB	0	international	OpenSky-2020-01	8	0.2614	2020-01-08 10:28:45+00:00	UAF	OPBW	OMDB			
DEA	KHI	0	domestic	OpenFlights-2014	0	0.1500			OPDG	OPKC	PK	5942	2206
GWD	MCT	0	international	OpenFlights-2014	0	0.1500			OPGD	OOMS	PK	2203	2194
KHI	MJD	0	domestic	OpenFlights-2014	0	0.1500			OPKC	OPMJ	PK	2206	2212
DXB	MUX	0	international	OpenSky-2020-01	108	0.5581	2020-01-01 03:36:19+00:00	FDB	OMDB	OPMT	FZ	2188	2214
KHI	PEW	0	domestic	OpenFlights-2014	0	0.1500			OPKC	OPPS	I6	2206	2219
PZH	UET	0	domestic	OpenFlights-2014	0	0.1500			OPZB	OPQT	PK	2233	2221
KHI	RYK	0	domestic	OpenFlights-2014	0	0.1500			OPKC	OPRK	PK	2206	2222
DXB	SKT	0	international	OpenFlights-2014	0	0.1500			OMDB	OPST	EK	2188	6776
ISB	SKZ	0	domestic	OpenFlights-2014	0	0.1500			OPIS	OPSK	NL	2223	2227
MCT	TUK	0	international	OpenFlights-2014	0	0.1500			OOMS	OPTU	PK	2194	5951
SJU	MIA	0	international	OpenSky-2020-01	55	0.4788	2020-01-01 13:07:02+00:00	AAL	TJSJ	KMIA			
FNJ	PEK	0	international	OpenFlights-2014	0	0.1500			ZKPY	ZBAA	CA	3377	3364
ASU	GRU	0	international	OpenFlights-2014	0	0.1500			SGAS	SBGR	G3	2699	2564
DME	MUC	0	international	OpenSky-2020-01	316	0.6851	2020-01-01 02:55:26+00:00	SBI	UUDD	EDDM			
CMN	EUN	0	international	OpenFlights-2014	0	0.1500			GMMN	GMML	AT	1074	5672
DXB	KRT	0	international	OpenFlights-2014	0	0.1500			OMDB	HSSK	EK	2188	1175
CAI	JUB	0	international	OpenFlights-2014	0	0.1500			HECA	HJJJ	MS	1128	1173
HIR	VLI	0	international	OpenFlights-2014	0	0.1500			AGGH	NVVV	FJ	4074	1997
DFW	SAL	0	international	OpenFlights-2014	0	0.1500			KDFW	MSLP	AA	3670	1892
JIB	MGQ	0	international	OpenFlights-2014	0	0.1500			HDAM	HCMM	3J	4119	5687
BEG	SVO	0	international	OpenSky-2020-01	107	0.5570	2019-12-31 22:17:08+00:00	AFL	LYBE	UUEE			
PBM	POS	0	international	OpenFlights-2014	0	0.1500			SMJP	TTPP	7I	2773	2902
DUB	BTS	0	international	OpenSky-2020-01	48	0.4630	2020-01-02 06:35:52+00:00	RYR	EIDW	LZIB			
LJU	FRA	0	international	OpenSky-2020-01	91	0.5379	2020-01-01 08:31:46+00:00	DLH	LJLJ	EDDF			
DLA	NDJ	0	international	OpenFlights-2014	0	0.1500			FKKD	FTTJ	ET	897	999
ABJ	LFW	0	international	OpenFlights-2014	0	0.1500			DIAP	DXXX	ET	253	298
DYU	IST	0	international	OpenFlights-2014	0	0.1500			UTDD	LTFM	7J	2979	1701
ASB	IST	0	international	OpenFlights-2014	0	0.1500			UTAA	LTFM	T5	2976	1701
KGL	EBB	0	international	OpenFlights-2014	0	0.1500			HRYR	HUEN	AC	1165	1187
GRU	MVD	0	international	OpenFlights-2014	0	0.1500			SBGR	SUMU	5Q	2564	2816
CLT	ATL	0	domestic	OpenSky-2020-01	649	0.7705	2020-01-01 03:31:53+00:00	DAL	KCLT	KATL	AA	3876	3682
DEN	PHX	0	domestic	OpenSky-2020-01	928	0.8130	2019-12-31 23:16:05+00:00	SWA	KDEN	KPHX			
EWR	ATL	0	domestic	OpenSky-2020-01	1096	0.8327	2019-12-31 22:35:11+00:00	DAL	KEWR	KATL			
IAH	DFW	0	domestic	OpenSky-2020-01	1007	0.8227	2019-12-31 23:50:35+00:00	AAL	KIAH	KDFW			
LAX	LAS	0	domestic	OpenSky-2020-01	2271	0.9193	2019-12-31 23:29:04+00:00	SWA	KLAX	KLAS	4B	3484	3877
PHL	ATL	0	domestic	OpenSky-2020-01	1003	0.8222	2019-12-31 23:28:05+00:00	DAL	KPHL	KATL	AA	3752	3682
TAS	DME	0	international	OpenSky-2020-01	7	0.2474	2020-01-05 05:35:00+00:00	SBI	UTTT	UUDD			
BOG	CCS	0	international	OpenFlights-2014	0	0.1500			SKBO	SVMI	AV	2709	2851
DXB	SAH	0	international	OpenFlights-2014	0	0.1500			OMDB	OYSN	EK	2188	3980
HRE	LUN	0	international	OpenFlights-2014	0	0.1500			FVHA	FLLS	AF	1005	907
MEL	BNE	0	domestic	OpenSky-2020-01	2091	0.9095	2019-12-31 22:02:34+00:00	QFA	YMML	YBBN			
BLR	BOM	0	domestic	OpenSky-2020-01	2086	0.9092	2019-12-31 23:34:51+00:00	IGO	VOBL	VABB			
PHX	LAS	0	domestic	OpenSky-2020-01	1462	0.8670	2019-12-31 23:18:24+00:00	SWA	KPHX	KLAS			
SFO	LAS	0	domestic	OpenSky-2020-01	1460	0.8668	2019-12-31 23:32:44+00:00	UAL	KSFO	KLAS			
HKG	BKK	7	international	OpenSky-2020-01	1326	0.8554	2019-12-31 22:35:27+00:00	CPA	VHHH	VTBS	CX	3077	3885
LAX	PHX	0	domestic	OpenSky-2020-01	1307	0.8537	2019-12-31 22:59:55+00:00	SWA	KLAX	KPHX			
BLR	CCU	0	domestic	OpenSky-2020-01	1148	0.8382	2019-12-31 23:19:17+00:00	IGO	VOBL	VECC			
MAA	BOM	9	domestic	OpenSky-2020-01	1148	0.8382	2019-12-31 23:40:24+00:00	IGO	VOMM	VABB	6E	3144	2997
JFK	SFO	0	domestic	OpenSky-2020-01	1126	0.8359	2019-12-31 19:58:40+00:00	DAL	KJFK	KSFO			
SIN	HKG	0	international	OpenSky-2020-01	1117	0.8350	2019-12-31 12:28:35+00:00	CPA	WSSS	VHHH			
ATL	DFW	0	domestic	OpenSky-2020-01	1081	0.8311	2019-12-31 23:15:23+00:00	DAL	KATL	KDFW			
LAX	ORD	0	domestic	OpenSky-2020-01	1034	0.8258	2019-12-31 20:21:04+00:00	AAL	KLAX	KORD			
DUB	LHR	0	international	OpenSky-2020-01	1032	0.8256	2020-01-01 06:50:38+00:00	EIN	EIDW	EGLL			
BOM	CCU	0	domestic	OpenSky-2020-01	1015	0.8236	2019-12-31 23:38:13+00:00	IGO	VABB	VECC			
LAX	DFW	0	domestic	OpenSky-2020-01	1011	0.8231	2019-12-31 21:34:59+00:00	AAL	KLAX	KDFW			
JFK	LHR	8	international	OpenSky-2020-01	1010	0.8230	2019-12-31 17:25:25+00:00	BAW	KJFK	EGLL	AA	3797	507
ORD	YYZ	0	international	OpenSky-2020-01	1001	0.8220	2019-12-31 23:44:48+00:00	SKV	KORD	CYYZ			
AKL	SYD	9	international	OpenSky-2020-01	998	0.8216	2019-12-31 18:04:40+00:00	QFA	NZAA	YSSY	AA	2006	3361
FUK	ICN	0	international	OpenSky-2020-01	979	0.8193	2019-12-31 23:22:51+00:00	KAL	RJFF	RKSI			
BLR	MAA	0	domestic	OpenSky-2020-01	959	0.8169	2020-01-01 00:50:33+00:00	IGO	VOBL	VOMM			
SYD	ADL	0	domestic	OpenSky-2020-01	947	0.8154	2019-12-31 22:33:41+00:00	QFA	YSSY	YPAD	AA	3361	3341
ARN	HEL	0	international	OpenSky-2020-01	920	0.8119	2020-01-01 11:20:41+00:00	FIN	ESSA	EFHK			
ICN	TPE	0	international	OpenSky-2020-01	917	0.8115	2019-12-31 22:13:44+00:00	CAL	RKSI	RCTP			
MNL	HKG	7	international	OpenSky-2020-01	907	0.8102	2019-12-31 23:08:36+00:00	CPA	RPLL	VHHH	5J	2397	3077
ICN	BKK	0	international	OpenSky-2020-01	904	0.8098	2019-12-31 19:17:47+00:00	KAL	RKSI	VTBS			
BOG	MIA	10	international	OpenSky-2020-01	903	0.8097	2019-12-31 20:49:53+00:00	AAL	SKBO	KMIA	AA	2709	3576
LAX	ATL	0	domestic	OpenSky-2020-01	881	0.8068	2019-12-31 20:14:05+00:00	DAL	KLAX	KATL			
EWR	ORD	0	domestic	OpenSky-2020-01	873	0.8057	2019-12-31 22:09:51+00:00	UAL	KEWR	KORD			
DEN	LAX	0	domestic	OpenSky-2020-01	871	0.8054	2019-12-31 22:45:09+00:00	SWA	KDEN	KLAX			
PHX	ORD	0	domestic	OpenSky-2020-01	871	0.8054	2019-12-31 21:34:16+00:00	AAL	KPHX	KORD			
DFW	PHX	0	domestic	OpenSky-2020-01	865	0.8046	2019-12-31 21:56:07+00:00	AAL	KDFW	KPHX			
IAH	ATL	0	domestic	OpenSky-2020-01	858	0.8036	2019-12-31 23:21:35+00:00	DAL	KIAH	KATL	AF	3550	3682
DEN	LAS	0	domestic	OpenSky-2020-01	823	0.7987	2019-12-31 23:14:20+00:00	SWA	KDEN	KLAS			
SFO	ORD	0	domestic	OpenSky-2020-01	818	0.7980	2019-12-31 20:11:37+00:00	UAL	KSFO	KORD			
DFW	LAS	0	domestic	OpenSky-2020-01	813	0.7972	2019-12-31 23:00:25+00:00	AAL	KDFW	KLAS			
SFO	EWR	0	domestic	OpenSky-2020-01	805	0.7961	2019-12-31 19:03:57+00:00	UAL	KSFO	KEWR			
MIA	ORD	0	domestic	OpenSky-2020-01	791	0.7940	2019-12-31 21:27:09+00:00	AAL	KMIA	KORD			
MAA	CCU	0	domestic	OpenSky-2020-01	789	0.7937	2020-01-01 00:22:47+00:00	IGO	VOMM	VECC			
CPH	OSL	0	international	OpenSky-2020-01	767	0.7903	2020-01-01 12:44:38+00:00	SAS	EKCH	ENGM	AC	609	644
ORD	PHL	0	domestic	OpenSky-2020-01	766	0.7902	2019-12-31 23:17:09+00:00	AAL	KORD	KPHL			
MNL	SIN	0	international	OpenSky-2020-01	764	0.7899	2019-12-31 21:30:19+00:00	PAL	RPLL	WSSS			
IAH	ORD	0	domestic	OpenSky-2020-01	762	0.7895	2019-12-31 20:42:15+00:00	UAL	KIAH	KORD			
ATL	LAS	0	domestic	OpenSky-2020-01	748	0.7873	2019-12-31 21:06:22+00:00	DAL	KATL	KLAS			
FRA	MUC	0	domestic	OpenSky-2020-01	744	0.7867	2020-01-01 06:12:15+00:00	DLH	EDDF	EDDM			
DEN	DFW	0	domestic	OpenSky-2020-01	739	0.7859	2019-12-31 23:01:45+00:00	AAL	KDEN	KDFW			
EWR	MIA	0	domestic	OpenSky-2020-01	739	0.7859	2019-12-31 22:19:37+00:00	UAL	KEWR	KMIA			
DEL	DXB	8	international	OpenSky-2020-01	735	0.7853	2019-12-31 19:37:49+00:00	UAE	VIDP	OMDB	6E	3093	2188
LAS	ORD	0	domestic	OpenSky-2020-01	730	0.7844	2019-12-31 22:52:46+00:00	UAL	KLAS	KORD			
TPE	SIN	0	international	OpenSky-2020-01	728	0.7841	2019-12-31 22:34:55+00:00	TGW	RCTP	WSSS			
MUC	CDG	0	international	OpenSky-2020-01	713	0.7816	2020-01-01 06:29:27+00:00	AFR	EDDM	LFPG			
PER	SYD	0	domestic	OpenSky-2020-01	708	0.7808	2019-12-31 19:32:47+00:00	QFA	YPPH	YSSY			
MIA	DFW	0	domestic	OpenSky-2020-01	706	0.7805	2019-12-31 23:31:11+00:00	AAL	KMIA	KDFW			
MAD	LHR	0	international	OpenSky-2020-01	704	0.7801	2020-01-01 07:49:22+00:00	IBE	LEMD	EGLL			
BKK	TPE	0	international	OpenSky-2020-01	700	0.7795	2019-12-31 23:37:11+00:00	CAL	VTBS	RCTP			
LAX	IAH	0	domestic	OpenSky-2020-01	694	0.7784	2019-12-31 20:57:17+00:00	UAL	KLAX	KIAH			
LHR	MUC	0	international	OpenSky-2020-01	693	0.7783	2020-01-01 06:44:56+00:00	BAW	EGLL	EDDM			
PHX	SFO	0	domestic	OpenSky-2020-01	687	0.7772	2019-12-31 22:46:58+00:00	UAL	KPHX	KSFO			
CBR	MEL	0	domestic	OpenSky-2020-01	682	0.7764	2019-12-31 23:30:18+00:00	QFA	YSCB	YMML	AA	3355	3339
OOL	MEL	0	domestic	OpenSky-2020-01	679	0.7758	2019-12-31 22:22:53+00:00	VOZ	YBCG	YMML			
AKL	MEL	0	international	OpenSky-2020-01	674	0.7750	2019-12-31 21:59:29+00:00	QFA	NZAA	YMML	EK	2006	3339
AMS	CDG	0	international	OpenSky-2020-01	660	0.7725	2020-01-01 06:27:36+00:00	AFR	EHAM	LFPG			
LAX	YVR	0	international	OpenSky-2020-01	652	0.7710	2019-12-31 21:20:23+00:00	ACA	KLAX	CYVR			
MIA	JFK	0	domestic	OpenSky-2020-01	651	0.7708	2019-12-31 23:24:19+00:00	AAL	KMIA	KJFK			
DEN	ATL	0	domestic	OpenSky-2020-01	643	0.7694	2019-12-31 22:37:54+00:00	DAL	KDEN	KATL	AC	3751	3682
HKG	KUL	0	international	OpenSky-2020-01	643	0.7694	2019-12-31 23:38:57+00:00	HDA	VHHH	WMKK			
DFW	SFO	0	domestic	OpenSky-2020-01	637	0.7683	2019-12-31 21:33:05+00:00	AAL	KDFW	KSFO			
CLT	EWR	0	domestic	OpenSky-2020-01	629	0.7668	2019-12-31 22:43:14+00:00	AAL	KCLT	KEWR			
ATL	PHX	0	domestic	OpenSky-2020-01	627	0.7664	2019-12-31 20:20:55+00:00	DAL	KATL	KPHX	AA	3682	3462
DEN	SFO	0	domestic	OpenSky-2020-01	625	0.7660	2019-12-31 23:36:08+00:00	UAL	KDEN	KSFO			
EWR	YYZ	0	international	OpenSky-2020-01	624	0.7658	2020-01-01 00:20:51+00:00	SKV	KEWR	CYYZ			
IAH	EWR	0	domestic	OpenSky-2020-01	622	0.7654	2019-12-31 21:23:07+00:00	UAL	KIAH	KEWR			
LAX	EWR	0	domestic	OpenSky-2020-01	606	0.7623	2019-12-31 19:34:18+00:00	UAL	KLAX	KEWR			
KUL	BKK	0	international	OpenSky-2020-01	605	0.7621	2019-12-31 23:12:04+00:00	MAS	WMKK	VTBS			
DEN	IAH	0	domestic	OpenSky-2020-01	601	0.7613	2019-12-31 22:44:44+00:00	UAL	KDEN	KIAH			
AMS	DUB	0	international	OpenSky-2020-01	597	0.7606	2020-01-01 06:18:16+00:00	RYR	EHAM	EIDW			
ATL	YYZ	0	international	OpenSky-2020-01	594	0.7600	2019-12-31 22:28:07+00:00	DAL	KATL	CYYZ			
MNL	TPE	0	international	OpenSky-2020-01	588	0.7588	2019-12-31 23:44:25+00:00	EVA	RPLL	RCTP			
DFW	EWR	0	domestic	OpenSky-2020-01	587	0.7585	2019-12-31 20:56:03+00:00	AAL	KDFW	KEWR			
VIE	FRA	0	international	OpenSky-2020-01	582	0.7575	2020-01-01 06:21:51+00:00	AUA	LOWW	EDDF			
ATL	JFK	0	domestic	OpenSky-2020-01	575	0.7561	2019-12-31 22:42:41+00:00	DAL	KATL	KJFK			
MEL	SIN	0	international	OpenSky-2020-01	575	0.7561	2019-12-31 16:58:55+00:00	SIA	YMML	WSSS			
DEN	ORD	0	domestic	OpenSky-2020-01	568	0.7546	2020-01-01 00:11:57+00:00	UAL	KDEN	KORD			
VIE	DUS	0	international	OpenSky-2020-01	568	0.7546	2020-01-01 11:53:18+00:00	AUA	LOWW	EDDL			
MIA	IAH	0	domestic	OpenSky-2020-01	568	0.7546	2019-12-31 23:29:52+00:00	UAL	KMIA	KIAH			
LGW	AMS	0	international	OpenSky-2020-01	567	0.7544	2020-01-01 06:06:23+00:00	EZY	EGKK	EHAM			
MAD	FCO	0	international	OpenSky-2020-01	564	0.7538	2020-01-01 06:20:45+00:00	IBE	LEMD	LIRF			
DUS	LHR	0	international	OpenSky-2020-01	559	0.7527	2020-01-01 10:13:30+00:00	BAW	EDDL	EGLL			
LHR	ARN	0	international	OpenSky-2020-01	558	0.7525	2020-01-01 06:31:13+00:00	SAS	EGLL	ESSA	AA	507	737
CPH	LHR	0	international	OpenSky-2020-01	558	0.7525	2020-01-01 06:08:53+00:00	BAW	EKCH	EGLL			
SIN	SYD	9	international	OpenSky-2020-01	553	0.7515	2019-12-31 17:17:19+00:00	SIA	WSSS	YSSY	BA	3316	3361
MAD	BCN	0	domestic	OpenSky-2020-01	546	0.7500	2020-01-01 06:52:09+00:00	VLG	LEMD	LEBL	IB	1229	1218
JFK	LAS	0	domestic	OpenSky-2020-01	544	0.7495	2019-12-31 20:21:26+00:00	DAL	KJFK	KLAS			
ZRH	VIE	0	international	OpenSky-2020-01	540	0.7486	2020-01-01 05:37:28+00:00	SWR	LSZH	LOWW	AB	1678	1613
IAH	LAS	0	domestic	OpenSky-2020-01	538	0.7482	2019-12-31 21:55:22+00:00	UAL	KIAH	KLAS			
DFW	PHL	0	domestic	OpenSky-2020-01	536	0.7478	2019-12-31 21:23:15+00:00	AAL	KDFW	KPHL			
DXB	LHR	0	international	OpenSky-2020-01	535	0.7475	2019-12-31 18:45:27+00:00	UAE	OMDB	EGLL			
MNL	ICN	0	international	OpenSky-2020-01	535	0.7475	2019-12-31 13:38:10+00:00	KAL	RPLL	RKSI			
CPH	HEL	0	international	OpenSky-2020-01	531	0.7466	2020-01-01 01:52:50+00:00	FIN	EKCH	EFHK			
AMS	CPH	0	international	OpenSky-2020-01	524	0.7451	2020-01-01 06:02:12+00:00	KLM	EHAM	EKCH	AC	580	609
CLT	PHL	0	domestic	OpenSky-2020-01	523	0.7448	2019-12-31 22:56:42+00:00	AAL	KCLT	KPHL			
ZRH	DUS	0	international	OpenSky-2020-01	522	0.7446	2020-01-01 06:32:52+00:00	SWR	LSZH	EDDL			
MAD	CDG	0	international	OpenSky-2020-01	520	0.7442	2020-01-01 06:03:47+00:00	AFR	LEMD	LFPG			
IAH	SFO	0	domestic	OpenSky-2020-01	520	0.7442	2019-12-31 16:21:53+00:00	UAL	KIAH	KSFO			
SIN	ICN	7	international	OpenSky-2020-01	518	0.7437	2019-12-31 18:40:25+00:00	SIA	WSSS	RKSI	AI	3316	3930
CBR	BNE	0	domestic	OpenSky-2020-01	515	0.7430	2019-12-31 22:43:12+00:00	QJE	YSCB	YBBN	AA	3355	3320
ZRH	CDG	0	international	OpenSky-2020-01	509	0.7416	2020-01-01 06:47:57+00:00	SWR	LSZH	LFPG			
SIN	PER	0	international	OpenSky-2020-01	504	0.7404	2019-12-31 09:41:35+00:00	SIA	WSSS	YPPH			
ATL	SFO	0	domestic	OpenSky-2020-01	500	0.7395	2019-12-31 21:45:49+00:00	DAL	KATL	KSFO			
SFO	YVR	0	international	OpenSky-2020-01	499	0.7393	2019-12-31 22:17:24+00:00	UAL	KSFO	CYVR			
AMS	MUC	0	international	OpenSky-2020-01	495	0.7383	2020-01-01 06:59:56+00:00	DLH	EHAM	EDDM			
VIE	LHR	0	international	OpenSky-2020-01	494	0.7381	2020-01-01 05:52:51+00:00	BAW	LOWW	EGLL			
AKL	BNE	0	international	OpenSky-2020-01	493	0.7378	2019-12-31 22:34:34+00:00	ANZ	NZAA	YBBN	AA	2006	3320
BKK	DEL	9	international	OpenSky-2020-01	493	0.7378	2019-12-31 20:47:13+00:00	THA	VTBS	VIDP	6E	3885	3093
MAD	FRA	0	international	OpenSky-2020-01	492	0.7376	2020-01-01 05:41:20+00:00	DLH	LEMD	EDDF			
PER	BNE	0	domestic	OpenSky-2020-01	490	0.7371	2019-12-31 22:41:58+00:00	QFA	YPPH	YBBN			
MIA	PHL	0	domestic	OpenSky-2020-01	483	0.7354	2019-12-31 23:05:55+00:00	AAL	KMIA	KPHL			
CLT	ORD	0	domestic	OpenSky-2020-01	482	0.7351	2019-12-31 23:45:18+00:00	AAL	KCLT	KORD			
SVO	CDG	0	international	OpenSky-2020-01	478	0.7342	2019-12-31 22:30:34+00:00	AFL	UUEE	LFPG			
WLG	CHC	0	domestic	OpenSky-2020-01	475	0.7334	2019-12-31 23:44:36+00:00	NZM	NZWN	NZCH			
ZRH	FRA	0	international	OpenSky-2020-01	474	0.7332	2020-01-01 06:06:54+00:00	DLH	LSZH	EDDF			
IAH	PHX	0	domestic	OpenSky-2020-01	473	0.7329	2019-12-31 22:22:08+00:00	UAL	KIAH	KPHX			
JFK	ORD	8	domestic	OpenSky-2020-01	464	0.7306	2019-12-31 23:57:42+00:00	EDV	KJFK	KORD	AA	3797	3830
EDI	DUB	0	international	OpenSky-2020-01	463	0.7304	2020-01-01 06:50:10+00:00	STK	EGPH	EIDW			
FRA	CDG	0	international	OpenSky-2020-01	462	0.7301	2020-01-01 06:16:19+00:00	DLH	EDDF	LFPG			
LHR	FCO	0	international	OpenSky-2020-01	461	0.7299	2020-01-01 07:14:10+00:00	BAW	EGLL	LIRF			
BNE	ADL	0	domestic	OpenSky-2020-01	458	0.7291	2019-12-31 22:23:49+00:00	VOZ	YBBN	YPAD			
LAS	EWR	0	domestic	OpenSky-2020-01	458	0.7291	2019-12-31 20:52:57+00:00	UAL	KLAS	KEWR			
JFK	PHX	0	domestic	OpenSky-2020-01	458	0.7291	2019-12-31 20:01:16+00:00	AAL	KJFK	KPHX			
RIX	HEL	0	international	OpenSky-2020-01	457	0.7288	2020-01-01 03:31:50+00:00	BTI	EVRA	EFHK			
LAX	MIA	0	domestic	OpenSky-2020-01	447	0.7262	2019-12-31 16:23:19+00:00	AAL	KLAX	KMIA			
MUC	VIE	0	international	OpenSky-2020-01	443	0.7251	2020-01-01 05:40:51+00:00	AUA	EDDM	LOWW			
MNL	KUL	0	international	OpenSky-2020-01	441	0.7246	2019-12-31 22:11:58+00:00	MAS	RPLL	WMKK			
MAD	ZRH	0	international	OpenSky-2020-01	441	0.7246	2020-01-01 06:17:20+00:00	IBE	LEMD	LSZH			
MAD	MUC	0	international	OpenSky-2020-01	438	0.7238	2020-01-01 06:35:52+00:00	IBE	LEMD	EDDM	AB	1229	346
MAD	LGW	0	international	OpenSky-2020-01	437	0.7235	2020-01-01 06:25:14+00:00	EZY	LEMD	EGKK			
HKG	SYD	0	international	OpenSky-2020-01	432	0.7221	2019-12-31 16:12:59+00:00	CPA	VHHH	YSSY			
PHL	YYZ	0	international	OpenSky-2020-01	431	0.7219	2019-12-31 23:13:18+00:00	PDT	KPHL	CYYZ			
CDG	CPH	0	international	OpenSky-2020-01	430	0.7216	2020-01-01 06:42:33+00:00	AFR	LFPG	EKCH			
AMS	VIE	0	international	OpenSky-2020-01	429	0.7213	2020-01-01 09:02:34+00:00	AUA	EHAM	LOWW			
PHX	PHL	0	domestic	OpenSky-2020-01	425	0.7202	2019-12-31 20:24:54+00:00	AAL	KPHX	KPHL			
AMS	MAD	0	international	OpenSky-2020-01	423	0.7197	2020-01-01 05:20:57+00:00	KLM	EHAM	LEMD			
FRA	ARN	0	international	OpenSky-2020-01	420	0.7188	2020-01-01 05:59:12+00:00	DLH	EDDF	ESSA			
VIE	CDG	0	international	OpenSky-2020-01	420	0.7188	2020-01-01 06:16:23+00:00	AUA	LOWW	LFPG			
CLT	JFK	0	domestic	OpenSky-2020-01	420	0.7188	2020-01-01 00:07:37+00:00	AAL	KCLT	KJFK			
LAX	LHR	0	international	OpenSky-2020-01	417	0.7180	2019-12-31 13:34:54+00:00	BAW	KLAX	EGLL			
LAX	PHL	0	domestic	OpenSky-2020-01	417	0.7180	2019-12-31 19:49:14+00:00	AAL	KLAX	KPHL			
AMS	MAN	0	international	OpenSky-2020-01	416	0.7177	2020-01-01 07:16:28+00:00	KLM	EHAM	EGCC			
LHR	HEL	0	international	OpenSky-2020-01	412	0.7165	2020-01-01 06:09:01+00:00	FIN	EGLL	EFHK			
AMS	ARN	0	international	OpenSky-2020-01	411	0.7162	2020-01-01 07:51:36+00:00	KLM	EHAM	ESSA			
CNS	SYD	0	domestic	OpenSky-2020-01	410	0.7159	2019-12-31 23:18:07+00:00	VOZ	YBCS	YSSY			
EWR	LHR	0	international	OpenSky-2020-01	410	0.7159	2019-12-31 16:56:38+00:00	UAL	KEWR	EGLL	AA	3494	507
ORD	YUL	0	international	OpenSky-2020-01	410	0.7159	2019-12-31 22:45:37+00:00	SKV	KORD	CYUL			
PHX	EWR	0	domestic	OpenSky-2020-01	402	0.7136	2019-12-31 20:08:54+00:00	UAL	KPHX	KEWR			
AMS	FCO	0	international	OpenSky-2020-01	398	0.7124	2020-01-01 06:08:06+00:00	KLM	EHAM	LIRF			
OSL	LHR	0	international	OpenSky-2020-01	397	0.7121	2020-01-01 06:59:07+00:00	SAS	ENGM	EGLL			
DXB	CMB	0	international	OpenSky-2020-01	396	0.7118	2019-12-31 20:18:18+00:00	UAE	OMDB	VCBI	EK	2188	3024
FRA	CPH	0	international	OpenSky-2020-01	395	0.7115	2020-01-01 07:03:14+00:00	DLH	EDDF	EKCH			
LGW	EDI	0	domestic	OpenSky-2020-01	395	0.7115	2020-01-01 06:20:12+00:00	EZY	EGKK	EGPH			
DOH	BKK	0	international	OpenSky-2020-01	394	0.7112	2019-12-31 18:34:45+00:00	QTR	OTHH	VTBS			
FRA	DUB	0	international	OpenSky-2020-01	393	0.7109	2020-01-01 09:27:50+00:00	DLH	EDDF	EIDW			
MUC	CPH	0	international	OpenSky-2020-01	392	0.7106	2020-01-01 10:29:52+00:00	DLH	EDDM	EKCH			
LGW	CPH	0	international	OpenSky-2020-01	389	0.7097	2020-01-01 07:15:03+00:00	IBK	EGKK	EKCH			
HKG	LHR	0	international	OpenSky-2020-01	387	0.7091	2019-12-31 09:02:07+00:00	CPA	VHHH	EGLL			
CLT	DFW	0	domestic	OpenSky-2020-01	383	0.7079	2019-12-31 21:41:24+00:00	AAL	KCLT	KDFW			
ORD	LHR	0	international	OpenSky-2020-01	377	0.7060	2019-12-31 16:13:38+00:00	UAL	KORD	EGLL			
DUB	CDG	0	international	OpenSky-2020-01	376	0.7057	2020-01-01 06:12:45+00:00	EIN	EIDW	LFPG			
KUL	TPE	0	international	OpenSky-2020-01	376	0.7057	2019-12-31 23:19:11+00:00	XAX	WMKK	RCTP			
PNQ	BLR	0	domestic	OpenSky-2020-01	373	0.7047	2019-12-31 23:42:47+00:00	IGO	VAPO	VOBL			
ZRH	MUC	0	international	OpenSky-2020-01	373	0.7047	2020-01-01 06:25:19+00:00	DLH	LSZH	EDDM			
CLT	MIA	0	domestic	OpenSky-2020-01	372	0.7044	2020-01-01 00:36:05+00:00	AAL	KCLT	KMIA			
MAA	SIN	0	international	OpenSky-2020-01	371	0.7041	2019-12-31 22:02:42+00:00	SIA	VOMM	WSSS			
PER	ADL	0	domestic	OpenSky-2020-01	370	0.7038	2019-12-31 22:03:38+00:00	QFA	YPPH	YPAD	JQ	3351	3341
SVO	HEL	0	international	OpenSky-2020-01	370	0.7038	2020-01-01 05:36:17+00:00	FIN	UUEE	EFHK			
BRU	MAD	0	international	OpenSky-2020-01	367	0.7028	2020-01-01 07:03:56+00:00	IBE	EBBR	LEMD			
CDG	MAN	0	international	OpenSky-2020-01	367	0.7028	2020-01-01 07:08:51+00:00	AFR	LFPG	EGCC			
SVO	FCO	0	international	OpenSky-2020-01	366	0.7025	2019-12-31 22:36:50+00:00	AFL	UUEE	LIRF			
YYZ	MIA	0	international	OpenSky-2020-01	365	0.7022	2019-12-31 22:19:28+00:00	ROU	CYYZ	KMIA			
HBA	SYD	0	domestic	OpenSky-2020-01	364	0.7018	2019-12-31 22:35:25+00:00	JST	YMHB	YSSY	JQ	3336	3361
SZX	ICN	0	international	OpenSky-2020-01	364	0.7018	2019-12-31 13:59:50+00:00	CSZ	ZGSZ	RKSI			
YUL	EWR	0	international	OpenSky-2020-01	361	0.7008	2020-01-01 00:01:19+00:00	SKV	CYUL	KEWR			
FUK	TPE	0	international	OpenSky-2020-01	361	0.7008	2019-12-31 23:03:58+00:00	CAL	RJFF	RCTP			
ARN	CDG	0	international	OpenSky-2020-01	358	0.6999	2020-01-01 05:24:33+00:00	AFR	ESSA	LFPG			
MAA	KUL	0	international	OpenSky-2020-01	356	0.6992	2019-12-31 22:42:41+00:00	MAS	VOMM	WMKK	9W	3144	3304
SIN	LHR	0	international	OpenSky-2020-01	353	0.6982	2019-12-31 15:22:45+00:00	SIA	WSSS	EGLL			
DEL	SIN	0	international	OpenSky-2020-01	348	0.6965	2019-12-31 20:11:28+00:00	AIC	VIDP	WSSS			
ZRH	AMS	0	international	OpenSky-2020-01	347	0.6962	2020-01-01 06:02:33+00:00	SWR	LSZH	EHAM			
CDG	JFK	0	international	OpenSky-2020-01	346	0.6958	2019-12-31 17:11:50+00:00	DAL	LFPG	KJFK			
WAW	MUC	0	international	OpenSky-2020-01	345	0.6955	2020-01-01 06:02:40+00:00	LOT	EPWA	EDDM			
FRA	WAW	0	international	OpenSky-2020-01	343	0.6948	2020-01-01 06:17:14+00:00	DLH	EDDF	EPWA	ET	340	679
BKK	BOM	0	international	OpenSky-2020-01	342	0.6944	2020-01-01 07:18:10+00:00	IGO	VTBS	VABB	9W	3885	2997
IAH	YYZ	0	international	OpenSky-2020-01	342	0.6944	2019-12-31 20:38:17+00:00	ASH	KIAH	CYYZ			
DOH	CMB	0	international	OpenSky-2020-01	341	0.6941	2019-12-31 21:38:33+00:00	QTR	OTHH	VCBI	QR	11051	3024
AMS	FRA	0	international	OpenSky-2020-01	340	0.6937	2020-01-01 07:45:47+00:00	DLH	EHAM	EDDF			
DXB	BKK	0	international	OpenSky-2020-01	340	0.6937	2019-12-31 18:24:36+00:00	UAE	OMDB	VTBS			
LHR	MAN	0	domestic	OpenSky-2020-01	339	0.6934	2020-01-01 06:30:44+00:00	SHT	EGLL	EGCC			
PER	KUL	0	international	OpenSky-2020-01	338	0.6930	2019-12-31 19:09:17+00:00	MXD	YPPH	WMKK	D7	3351	3304
MUC	FCO	0	international	OpenSky-2020-01	337	0.6927	2020-01-01 08:37:08+00:00	DLH	EDDM	LIRF			
MUC	ARN	0	international	OpenSky-2020-01	333	0.6913	2020-01-01 07:02:41+00:00	DLH	EDDM	ESSA			
SIN	BNE	0	international	OpenSky-2020-01	333	0.6913	2019-12-31 16:56:52+00:00	SIA	WSSS	YBBN			
HKG	DEL	0	international	OpenSky-2020-01	332	0.6909	2019-12-31 20:33:26+00:00	CPA	VHHH	VIDP			
DXB	MAA	0	international	OpenSky-2020-01	331	0.6906	2019-12-31 22:38:24+00:00	UAE	OMDB	VOMM	6E	2188	3144
HKG	DXB	8	cargo	OpenSky-2020-01	330	0.6902	2019-12-31 16:48:22+00:00	UAE	VHHH	OMDB	CX	3077	2188
VIE	WAW	0	international	OpenSky-2020-01	329	0.6898	2020-01-01 06:22:12+00:00	LOT	LOWW	EPWA			
MNL	BKK	0	international	OpenSky-2020-01	328	0.6895	2019-12-31 23:54:05+00:00	PAL	RPLL	VTBS			
AMS	OSL	0	international	OpenSky-2020-01	327	0.6891	2020-01-01 07:36:54+00:00	KLM	EHAM	ENGM			
LGW	CDG	0	international	OpenSky-2020-01	327	0.6891	2020-01-01 06:34:56+00:00	VLG	EGKK	LFPG			
ICN	KUL	0	international	OpenSky-2020-01	326	0.6887	2019-12-31 23:43:44+00:00	XAX	RKSI	WMKK			
LAX	SYD	9	international	OpenSky-2020-01	324	0.6880	2019-12-31 05:59:47+00:00	QFA	KLAX	YSSY	AA	3484	3361
SFO	PHL	0	domestic	OpenSky-2020-01	321	0.6869	2019-12-31 21:20:42+00:00	AAL	KSFO	KPHL			
HKG	SFO	0	international	OpenSky-2020-01	320	0.6865	2019-12-31 14:48:26+00:00	CPA	VHHH	KSFO			
DXB	CDG	8	international	OpenSky-2020-01	318	0.6858	2019-12-31 18:13:58+00:00	UAE	OMDB	LFPG	AF	2188	1382
CLT	IAH	0	domestic	OpenSky-2020-01	317	0.6854	2019-12-31 22:35:55+00:00	AAL	KCLT	KIAH			
TPE	LAX	0	international	OpenSky-2020-01	317	0.6854	2019-12-31 16:53:17+00:00	CAL	RCTP	KLAX			
BCN	CDG	0	international	OpenSky-2020-01	315	0.6847	2020-01-01 05:42:19+00:00	AFR	LEBL	LFPG			
AMS	SVO	0	international	OpenSky-2020-01	312	0.6835	2019-12-31 20:52:40+00:00	AFL	EHAM	UUEE			
LGW	FCO	0	international	OpenSky-2020-01	312	0.6835	2020-01-01 07:01:13+00:00	EZY	EGKK	LIRF			
SVO	FRA	0	international	OpenSky-2020-01	312	0.6835	2020-01-01 05:56:31+00:00	AFL	UUEE	EDDF			
SVO	LHR	0	international	OpenSky-2020-01	309	0.6824	2019-12-31 22:36:46+00:00	AFL	UUEE	EGLL			
CCU	BKK	0	international	OpenSky-2020-01	306	0.6812	2019-12-31 22:18:04+00:00	THA	VECC	VTBS	6E	3043	3885
FRA	FCO	0	international	OpenSky-2020-01	306	0.6812	2020-01-01 07:56:34+00:00	DLH	EDDF	LIRF			
LHR	MIA	0	international	OpenSky-2020-01	306	0.6812	2019-12-31 22:48:17+00:00	AAL	EGLL	KMIA			
PRG	CDG	0	international	OpenSky-2020-01	305	0.6809	2020-01-01 06:49:51+00:00	CSA	LKPR	LFPG			
BCN	LGW	0	international	OpenSky-2020-01	303	0.6801	2020-01-01 06:30:33+00:00	VLG	LEBL	EGKK			
LIS	LHR	0	international	OpenSky-2020-01	303	0.6801	2020-01-01 07:40:48+00:00	TAP	LPPT	EGLL			
LHR	YYZ	8	international	OpenSky-2020-01	303	0.6801	2019-12-31 17:30:17+00:00	ACA	EGLL	CYYZ	AA	507	193
LHR	SFO	0	international	OpenSky-2020-01	302	0.6797	2019-12-31 12:24:03+00:00	UAL	EGLL	KSFO			
SYD	KUL	0	international	OpenSky-2020-01	301	0.6793	2019-12-31 22:49:58+00:00	MAS	YSSY	WMKK	D7	3361	3304
BRU	MUC	0	international	OpenSky-2020-01	300	0.6789	2020-01-01 06:13:38+00:00	DLH	EBBR	EDDM			
YYZ	DFW	0	international	OpenSky-2020-01	298	0.6781	2019-12-31 23:17:54+00:00	SKV	CYYZ	KDFW			
DXB	BLR	0	international	OpenSky-2020-01	297	0.6777	2019-12-31 23:08:14+00:00	UAE	OMDB	VOBL	EK	2188	3131
MIA	GRU	0	international	OpenSky-2020-01	296	0.6773	2019-12-31 16:33:14+00:00	TAM	KMIA	SBGR			
WAW	LHR	0	international	OpenSky-2020-01	293	0.6761	2020-01-01 07:14:20+00:00	LOT	EPWA	EGLL			
HEL	OSL	0	international	OpenSky-2020-01	292	0.6757	2020-01-01 05:13:02+00:00	FIN	EFHK	ENGM			
TLV	VIE	0	international	OpenSky-2020-01	292	0.6757	2020-01-01 04:47:49+00:00	AUA	LLBG	LOWW			
CLT	PHX	0	domestic	OpenSky-2020-01	291	0.6753	2019-12-31 19:48:43+00:00	AAL	KCLT	KPHX			
CMB	KUL	0	international	OpenSky-2020-01	291	0.6753	2020-01-01 00:57:13+00:00	ALK	VCBI	WMKK	D7	3024	3304
ICN	LAX	0	international	OpenSky-2020-01	291	0.6753	2019-12-31 14:00:18+00:00	AAR	RKSI	KLAX			
DXB	SIN	0	international	OpenSky-2020-01	289	0.6745	2019-12-31 17:10:37+00:00	UAE	OMDB	WSSS			
IAH	PHL	0	domestic	OpenSky-2020-01	289	0.6745	2020-01-01 00:19:08+00:00	RPA	KIAH	KPHL			
SFO	TPE	0	international	OpenSky-2020-01	289	0.6745	2019-12-31 16:21:57+00:00	UAL	KSFO	RCTP			
BRU	FRA	0	international	OpenSky-2020-01	288	0.6741	2020-01-01 08:39:56+00:00	DLH	EBBR	EDDF			
DOH	BEY	0	international	OpenSky-2020-01	287	0.6736	2019-12-31 23:39:15+00:00	QTR	OTHH	OLBA			
ZRH	FCO	0	international	OpenSky-2020-01	287	0.6736	2020-01-01 06:15:59+00:00	SWR	LSZH	LIRF			
SVO	WAW	0	international	OpenSky-2020-01	285	0.6728	2020-01-01 06:20:00+00:00	AFL	UUEE	EPWA			
SIN	BOM	8	international	OpenSky-2020-01	284	0.6724	2019-12-31 18:44:14+00:00	SIA	WSSS	VABB	9W	3316	2997
DEL	DOH	0	international	OpenSky-2020-01	284	0.6724	2019-12-31 19:57:21+00:00	QTR	VIDP	OTHH	9W	3093	11051
MUC	HEL	0	international	OpenSky-2020-01	284	0.6724	2020-01-01 06:01:56+00:00	DLH	EDDM	EFHK			
MSQ	DME	0	international	OpenSky-2020-01	283	0.6720	2020-01-01 03:46:18+00:00	BRU	UMMS	UUDD			
MEL	HKG	11	international	OpenSky-2020-01	283	0.6720	2019-12-31 16:29:36+00:00	CPA	YMML	VHHH	AY	3339	3077
YVR	YUL	0	domestic	OpenSky-2020-01	281	0.6711	2019-12-31 21:22:05+00:00	ACA	CYVR	CYUL			
DUB	MUC	0	international	OpenSky-2020-01	280	0.6707	2020-01-01 06:59:51+00:00	DLH	EIDW	EDDM			
SZX	BKK	0	international	OpenSky-2020-01	279	0.6703	2020-01-01 04:00:21+00:00	CSZ	ZGSZ	VTBS			
ZRH	CPH	0	international	OpenSky-2020-01	279	0.6703	2020-01-01 06:13:27+00:00	SWR	LSZH	EKCH			
MAD	DUS	0	international	OpenSky-2020-01	279	0.6703	2020-01-01 06:35:29+00:00	IBE	LEMD	EDDL			
AMS	HEL	0	international	OpenSky-2020-01	278	0.6699	2020-01-01 06:18:12+00:00	KLM	EHAM	EFHK			
FRA	DUS	0	domestic	OpenSky-2020-01	277	0.6694	2020-01-01 08:33:56+00:00	DLH	EDDF	EDDL			
RIX	TLL	0	international	OpenSky-2020-01	277	0.6694	2020-01-01 04:00:50+00:00	BTI	EVRA	EETN			
DOH	BOM	0	international	OpenSky-2020-01	274	0.6681	2019-12-31 22:40:47+00:00	IGO	OTHH	VABB	9W	11051	2997
CDG	HEL	0	international	OpenSky-2020-01	274	0.6681	2020-01-01 05:49:13+00:00	FIN	LFPG	EFHK			
CNS	MEL	0	domestic	OpenSky-2020-01	274	0.6681	2019-12-31 22:21:53+00:00	JST	YBCS	YMML			
SIN	BLR	0	international	OpenSky-2020-01	271	0.6668	2019-12-31 21:40:08+00:00	SIA	WSSS	VOBL			
DEL	LHR	9	international	OpenSky-2020-01	271	0.6668	2019-12-31 19:16:24+00:00	BAW	VIDP	EGLL	9W	3093	507
SFO	ICN	0	international	OpenSky-2020-01	271	0.6668	2019-12-31 18:37:47+00:00	AAR	KSFO	RKSI			
SZX	TPE	0	international	OpenSky-2020-01	270	0.6664	2020-01-01 00:52:33+00:00	CSZ	ZGSZ	RCTP			
AMS	PRG	0	international	OpenSky-2020-01	268	0.6655	2020-01-01 09:25:02+00:00	KLM	EHAM	LKPR			
DEL	KUL	0	international	OpenSky-2020-01	268	0.6655	2020-01-01 09:27:43+00:00	MAS	VIDP	WMKK	9W	3093	3304
AMS	BCN	0	international	OpenSky-2020-01	267	0.6651	2020-01-01 05:32:08+00:00	KLM	EHAM	LEBL			
AMS	JFK	0	international	OpenSky-2020-01	266	0.6646	2019-12-31 21:44:45+00:00	DAL	EHAM	KJFK			
AMS	LIS	0	international	OpenSky-2020-01	263	0.6633	2020-01-01 09:30:38+00:00	TAP	EHAM	LPPT			
CLT	YYZ	0	international	OpenSky-2020-01	262	0.6628	2020-01-01 00:20:50+00:00	JIA	KCLT	CYYZ			
FRA	HEL	0	international	OpenSky-2020-01	262	0.6628	2020-01-01 08:46:32+00:00	DLH	EDDF	EFHK	AB	340	421
MIA	SFO	0	domestic	OpenSky-2020-01	262	0.6628	2019-12-31 19:55:04+00:00	AAL	KMIA	KSFO			
ZRH	WAW	0	international	OpenSky-2020-01	262	0.6628	2020-01-01 06:12:16+00:00	SWR	LSZH	EPWA			
CHC	SYD	0	international	OpenSky-2020-01	261	0.6624	2019-12-31 22:10:45+00:00	ANZ	NZCH	YSSY	AA	2009	3361
FUK	HKG	0	international	OpenSky-2020-01	261	0.6624	2019-12-31 23:49:11+00:00	HKE	RJFF	VHHH			
WLG	AKL	0	domestic	OpenSky-2020-01	259	0.6615	2020-01-01 10:51:36+00:00	ANZ	NZWN	NZAA			
RIX	ARN	0	international	OpenSky-2020-01	259	0.6615	2020-01-01 06:04:33+00:00	BTI	EVRA	ESSA			
CMB	SIN	0	international	OpenSky-2020-01	259	0.6615	2020-01-01 00:52:09+00:00	ALK	VCBI	WSSS	CX	3024	3316
TLV	CDG	0	international	OpenSky-2020-01	258	0.6610	2019-12-31 23:13:47+00:00	AFR	LLBG	LFPG			
FRA	PRG	0	international	OpenSky-2020-01	258	0.6610	2020-01-01 07:44:40+00:00	DLH	EDDF	LKPR			
YYZ	SFO	0	international	OpenSky-2020-01	258	0.6610	2019-12-31 21:02:47+00:00	ACA	CYYZ	KSFO			
DUS	CDG	0	international	OpenSky-2020-01	257	0.6606	2020-01-01 06:19:29+00:00	EWG	EDDL	LFPG			
FRA	ORD	0	international	OpenSky-2020-01	255	0.6596	2020-01-01 00:26:25+00:00	DLH	EDDF	KORD			
BCN	FCO	0	international	OpenSky-2020-01	254	0.6592	2020-01-01 06:36:52+00:00	VLG	LEBL	LIRF			
LAX	YYZ	0	international	OpenSky-2020-01	254	0.6592	2019-12-31 20:55:57+00:00	ACA	KLAX	CYYZ			
LHR	ATH	0	international	OpenSky-2020-01	253	0.6587	2019-12-31 22:23:06+00:00	BAW	EGLL	LGAV			
CHC	PMR	0	domestic	OpenSky-2020-01	253	0.6587	2020-01-05 05:47:31+00:00	NZM	NZCH	NZPM			
BRU	FCO	0	international	OpenSky-2020-01	252	0.6582	2020-01-01 06:03:13+00:00	AZA	EBBR	LIRF			
VIE	CPH	0	international	OpenSky-2020-01	252	0.6582	2020-01-01 06:15:10+00:00	AUA	LOWW	EKCH			
SZX	KUL	0	international	OpenSky-2020-01	252	0.6582	2019-12-31 22:38:13+00:00	AXM	ZGSZ	WMKK			
MIA	LAS	0	domestic	OpenSky-2020-01	252	0.6582	2019-12-31 20:43:56+00:00	AAL	KMIA	KLAS			
HKG	LAX	0	international	OpenSky-2020-01	251	0.6578	2019-12-31 13:55:17+00:00	CPA	VHHH	KLAX			
SVO	MUC	0	international	OpenSky-2020-01	251	0.6578	2019-12-31 21:44:09+00:00	AFL	UUEE	EDDM			
BRU	CPH	0	international	OpenSky-2020-01	250	0.6573	2020-01-01 06:37:41+00:00	BEL	EBBR	EKCH			
BOG	MAD	0	international	OpenSky-2020-01	249	0.6568	2019-12-31 14:07:47+00:00	IBE	SKBO	LEMD			
CPH	WAW	0	international	OpenSky-2020-01	245	0.6549	2020-01-01 07:18:17+00:00	LOT	EKCH	EPWA			
DFW	JFK	0	domestic	OpenSky-2020-01	245	0.6549	2019-12-31 22:35:57+00:00	EDV	KDFW	KJFK			
SVO	DUS	0	international	OpenSky-2020-01	245	0.6549	2020-01-01 05:17:54+00:00	AFL	UUEE	EDDL			
HKG	DOH	0	international	OpenSky-2020-01	244	0.6544	2019-12-31 17:09:44+00:00	QTR	VHHH	OTHH			
SVO	VIE	0	international	OpenSky-2020-01	244	0.6544	2019-12-31 23:00:59+00:00	AFL	UUEE	LOWW			
BOM	LHR	0	international	OpenSky-2020-01	243	0.6539	2019-12-31 20:49:43+00:00	BAW	VABB	EGLL	9W	2997	507
LUX	CDG	0	international	OpenSky-2020-01	243	0.6539	2020-01-01 10:15:11+00:00	LGL	ELLX	LFPG			
DXB	FRA	0	international	OpenSky-2020-01	243	0.6539	2019-12-31 13:36:35+00:00	UAE	OMDB	EDDF			
MNL	DXB	0	international	OpenSky-2020-01	242	0.6534	2019-12-31 15:44:16+00:00	UAE	RPLL	OMDB			
MEL	CHC	0	international	OpenSky-2020-01	241	0.6529	2019-12-31 22:26:58+00:00	VOZ	YMML	NZCH	JQ	3339	2009
BUD	MUC	0	international	OpenSky-2020-01	240	0.6524	2020-01-01 10:46:04+00:00	DLH	LHBP	EDDM			
LAS	PHL	0	domestic	OpenSky-2020-01	240	0.6524	2019-12-31 23:30:13+00:00	AAL	KLAS	KPHL			
ZRH	ARN	0	international	OpenSky-2020-01	239	0.6520	2020-01-01 05:59:27+00:00	SWR	LSZH	ESSA			
MUC	ATH	0	international	OpenSky-2020-01	239	0.6520	2020-01-01 06:54:15+00:00	DLH	EDDM	LGAV			
EVN	DME	0	international	OpenSky-2020-01	239	0.6520	2020-01-01 02:27:27+00:00	SBI	UDYZ	UUDD			
DUS	AMS	0	international	OpenSky-2020-01	238	0.6515	2020-01-01 05:31:51+00:00	KLM	EDDL	EHAM			
AMS	DXB	0	international	OpenSky-2020-01	238	0.6515	2019-12-31 21:58:12+00:00	UAE	EHAM	OMDB			
DEN	EWR	0	domestic	OpenSky-2020-01	238	0.6515	2019-12-31 21:35:29+00:00	UAL	KDEN	KEWR			
DFW	LHR	0	international	OpenSky-2020-01	238	0.6515	2019-12-31 14:27:34+00:00	AAL	KDFW	EGLL			
MUC	MAN	0	international	OpenSky-2020-01	238	0.6515	2020-01-01 15:03:36+00:00	DLH	EDDM	EGCC	LH	346	478
ARN	TLL	0	international	OpenSky-2020-01	237	0.6510	2020-01-01 05:08:52+00:00	SAS	ESSA	EETN			
FRA	JFK	10	international	OpenSky-2020-01	237	0.6510	2019-12-31 21:17:39+00:00	DLH	EDDF	KJFK	AF	340	3797
PRG	LHR	0	international	OpenSky-2020-01	237	0.6510	2020-01-01 06:08:12+00:00	BAW	LKPR	EGLL			
MAD	VIE	0	international	OpenSky-2020-01	237	0.6510	2020-01-01 05:04:39+00:00	IBE	LEMD	LOWW			
FRA	MAN	0	international	OpenSky-2020-01	236	0.6505	2020-01-01 10:21:29+00:00	DLH	EDDF	EGCC			
FRA	OSL	0	international	OpenSky-2020-01	236	0.6505	2020-01-01 08:02:53+00:00	DLH	EDDF	ENGM			
CLT	LAS	0	domestic	OpenSky-2020-01	233	0.6489	2020-01-01 01:43:29+00:00	AAL	KCLT	KLAS			
AMS	WAW	0	international	OpenSky-2020-01	231	0.6479	2020-01-01 09:29:32+00:00	LOT	EHAM	EPWA			
FRA	LUX	0	international	OpenSky-2020-01	231	0.6479	2020-01-01 16:27:31+00:00	DLH	EDDF	ELLX			
MIA	PHX	0	domestic	OpenSky-2020-01	230	0.6474	2019-12-31 19:22:18+00:00	AAL	KMIA	KPHX			
CDG	ATL	0	international	OpenSky-2020-01	228	0.6464	2019-12-31 21:03:38+00:00	AFR	LFPG	KATL			
BCN	LIS	0	international	OpenSky-2020-01	228	0.6464	2020-01-01 06:57:36+00:00	TAP	LEBL	LPPT			
CDG	YUL	0	international	OpenSky-2020-01	227	0.6459	2019-12-31 17:44:28+00:00	AFR	LFPG	CYUL			
YYZ	LAS	0	international	OpenSky-2020-01	227	0.6459	2019-12-31 21:23:40+00:00	ROU	CYYZ	KLAS			
AMS	ATL	8	cargo	OpenSky-2020-01	226	0.6453	2019-12-31 16:00:59+00:00	DAL	EHAM	KATL	DL	580	3682
LGW	ARN	0	international	OpenSky-2020-01	223	0.6437	2020-01-01 09:22:16+00:00	IBK	EGKK	ESSA			
ATL	LHR	0	international	OpenSky-2020-01	223	0.6437	2019-12-31 15:44:51+00:00	DAL	KATL	EGLL			
LIS	CDG	0	international	OpenSky-2020-01	223	0.6437	2020-01-01 05:51:16+00:00	AFR	LPPT	LFPG			
YVR	LAS	0	international	OpenSky-2020-01	223	0.6437	2019-12-31 22:54:10+00:00	WJA	CYVR	KLAS			
SZX	SIN	0	international	OpenSky-2020-01	222	0.6432	2019-12-31 23:16:56+00:00	SLK	ZGSZ	WSSS			
BKK	LHR	0	international	OpenSky-2020-01	221	0.6427	2019-12-31 15:54:04+00:00	THA	VTBS	EGLL			
CLT	LAX	0	domestic	OpenSky-2020-01	221	0.6427	2019-12-31 20:08:22+00:00	AAL	KCLT	KLAX			
BRU	VIE	0	international	OpenSky-2020-01	219	0.6416	2020-01-01 14:48:30+00:00	AUA	EBBR	LOWW			
KUL	BLR	0	international	OpenSky-2020-01	218	0.6411	2019-12-31 22:36:25+00:00	MAS	WMKK	VOBL	9W	3304	3131
MAD	DUB	0	international	OpenSky-2020-01	218	0.6411	2020-01-01 07:17:20+00:00	RYR	LEMD	EIDW			
DUB	BRU	0	international	OpenSky-2020-01	217	0.6405	2020-01-01 06:26:32+00:00	EIN	EIDW	EBBR			
DEL	CMB	0	international	OpenSky-2020-01	217	0.6405	2020-01-01 00:00:38+00:00	ALK	VIDP	VCBI	AI	3093	3024
FRA	ICN	0	international	OpenSky-2020-01	217	0.6405	2019-12-31 16:37:12+00:00	AAR	EDDF	RKSI			
ACC	OUA	0	international	OpenFlights-2014		0.1500			DGAA	DFFD	2J	248	246
EZE	PUJ	0	international	OpenFlights-2014		0.1500			SAEZ	MDPC	4M	3988	1760
AMD	BLR	0	domestic	OpenFlights-2014		0.1500			VAAH	VOBL	6E	2994	3131
DME	DYU	0	international	OpenFlights-2014		0.1500			UUDD	UTDD	7J	4029	2979
REP	SIN	0	international	OpenFlights-2014		0.1500			KH-0003	WSSS	3K	3035	3316
BNE	DRW	0	domestic	OpenFlights-2014		0.1500			YBBN	YPDN	AA	3320	3999
BKO	ABJ	0	international	OpenFlights-2014		0.1500			GABS	DIAP	2J	1044	253
BOG	MEX	0	international	OpenFlights-2014		0.1500			SKBO	MMMX	4O	2709	1824
BOM	COK	0	domestic	OpenFlights-2014		0.1500			VABB	VOCI	6E	2997	3136
AYT	SVO	0	international	OpenFlights-2014		0.1500			LTAI	UUEE	8Q	1688	2985
CGK	MNL	0	international	OpenFlights-2014		0.1500			WIII	RPLL	5J	3275	2397
MEL	WLG	0	international	OpenFlights-2014		0.1500			YMML	NZWN	EK	3339	2042
COO	LFW	0	international	OpenFlights-2014		0.1500			DBBB	DXXX	2J	245	298
ASU	MVD	0	international	OpenFlights-2014		0.1500			SGAS	SUMU	5Q	2699	2816
CCU	GAU	0	domestic	OpenFlights-2014		0.1500			VECC	VEGT	6E	3043	6173
DME	KIV	0	international	OpenFlights-2014		0.1500			UUDD	LUKK	9U	4029	1735
KUL	RGN	0	international	OpenFlights-2014		0.1500			WMKK	VYYY	8M	3304	3239
PER	ASP	0	domestic	OpenFlights-2014		0.1500			YPPH	YBAS	EK	3351	3319
BJL	DKR	0	international	OpenFlights-2014		0.1500			GBYD	GOOY	3G	1050	1084
GUA	SAP	0	international	OpenFlights-2014		0.1500			MGGT	MHLM	5U	1767	1772
DEL	GOI	0	domestic	OpenFlights-2014		0.1500			VIDP	VOGO	6E	3093	3007
ALG	SVO	0	international	OpenFlights-2014		0.1500			DAAG	UUEE	AH	210	2985
BKK	HAN	0	international	OpenFlights-2014		0.1500			VTBS	VVNB	QR	3885	3199
AKL	NAN	0	international	OpenFlights-2014		0.1500			NZAA	NFFN	FJ	2006	1960
CKY	OXB	0	international	OpenFlights-2014		0.1500			GUCY	GGOV	3G	4162	5665
CCS	SJU	0	international	OpenFlights-2014		0.1500			SVMI	TJSJ	AA	2851	2890
MAA	PNQ	0	domestic	OpenFlights-2014		0.1500			VOMM	VAPO	6E	3144	3017
ATH	DME	0	international	OpenFlights-2014		0.1500			LGAV	UUDD	A3	3941	4029
NRT	SGN	0	international	OpenFlights-2014		0.1500			RJAA	VVTS	AA	2279	3205
ADL	CNS	0	domestic	OpenFlights-2014		0.1500			YPAD	YBCS	JQ	3341	3322
DLA	LOS	0	international	OpenFlights-2014		0.1500			FKKD	DNMM	3G	897	273
LIM	SCL	0	international	OpenFlights-2014		0.1500			SPIM	SCEL	AA	2789	2650
DXB	TRV	0	international	OpenFlights-2014		0.1500			OMDB	VOTV	6E	2188	3153
CMN	SVO	0	international	OpenFlights-2014		0.1500			GMMN	UUEE	AT	1074	2985
DPS	TPE	0	international	OpenFlights-2014		0.1500			WADD	RCTP	BR	3940	2276
CHC	OOL	0	international	OpenFlights-2014		0.1500			NZCH	YBCG	JQ	2009	3321
MGQ	NBO	0	international	OpenFlights-2014		0.1500			HCMM	HKJK	3J	5687	4059
CUN	HAV	0	international	OpenFlights-2014		0.1500			MMUN	MUHA	AM	1852	1909
AUH	CCJ	0	international	OpenFlights-2014		0.1500			OMAA	VOCL	9W	2179	3137
DME	DUS	0	international	OpenFlights-2014		0.1500			UUDD	EDDL	AB	4029	345
ICN	VTE	0	international	OpenFlights-2014		0.1500			RKSI	VLVT	LJ	3930	3120
SYD	TSV	0	domestic	OpenFlights-2014		0.1500			YSSY	YBTL	JQ	3361	3330
CAI	TIP	0	international	OpenFlights-2014		0.1500			HECA	LY-0019	8U	1128	1157
PAP	PTY	0	international	OpenFlights-2014		0.1500			MTPP	MPTO	AM	1897	1871
JED	LKO	0	international	OpenFlights-2014		0.1500			OEJN	VILK	SV	2072	3105
SVO	TAS	0	international	OpenFlights-2014		0.1500			UUEE	UTTT	AZ	2985	2983
HGH	SIN	0	international	OpenFlights-2014		0.1500			ZSHC	WSSS	3K	3386	3316
NOU	VLI	0	international	OpenFlights-2014		0.1500			NWWW	NVVV	NF	2005	1997
LBV	SSG	0	international	OpenFlights-2014		0.1500			FOOL	FGSL	AT	970	891
SAL	SJO	0	international	OpenFlights-2014		0.1500			MSLP	MROC	AV	1892	1885
JAI	MCT	0	international	OpenFlights-2014		0.1500			VIJP	OOMS	WY	3098	2194
DME	FRA	0	international	OpenFlights-2014		0.1500			UUDD	EDDF	AB	4029	340
BKK	DAC	0	international	OpenFlights-2014		0.1500			VTBS	VGHS	4H	3885	3076
HLZ	PMR	0	domestic	OpenFlights-2014		0.1500			NZHN	NZPM	NZ	2015	2028
CPT	DUR	0	domestic	OpenFlights-2014		0.1500			FACT	FALE	BA	797	799
GRU	UIO	0	international	OpenFlights-2014		0.1500			SBGR	SEQM	EQ	2564	2688
CCU	CGP	0	international	OpenFlights-2014		0.1500			VECC	VGEG	4H	3043	3069
PEK	SVO	0	international	OpenFlights-2014		0.1500			ZBAA	UUEE	CA	3364	2985
MNL	PVG	0	international	OpenFlights-2014		0.1500			RPLL	ZSPD	5J	2397	3406
HIR	POM	0	international	OpenFlights-2014		0.1500			AGGH	AYPY	PX	4074	5
HRE	JNB	0	international	OpenFlights-2014		0.1500			FVHA	FAOR	BA	1005	813
BSB	GIG	0	domestic	OpenFlights-2014		0.1500			SBBR	SBGL	G3	2531	2560
DEL	HEA	0	international	OpenFlights-2014		0.1500			VIDP	OAHR	4Q	3093	2048
DME	TXL	0	international	OpenFlights-2014		0.1500			UUDD	DE-0876	AB	4029	351
CAN	RGN	0	international	OpenFlights-2014		0.1500			ZGGG	VYYY	8M	3370	3239
PHE	BME	0	domestic	OpenFlights-2014		0.1500			YPPD	YBRM	QF	3349	4319
GBE	LUN	0	international	OpenFlights-2014		0.1500			FBSK	FLLS	BP	881	907
CLT	MBJ	0	international	OpenFlights-2014		0.1500			KCLT	MKJS	AA	3876	1780
BOM	BRU	0	international	OpenFlights-2014		0.1500			VABB	EBBR	9W	2997	302
LCA	SVO	0	international	OpenFlights-2014		0.1500			LCLK	UUEE	CY	1197	2985
CDG	KUL	0	international	OpenFlights-2014		0.1500			LFPG	WMKK	AA	1382	3304
AKL	ZQN	0	domestic	OpenFlights-2014		0.1500			NZAA	NZQN	JQ	2006	2030
LAD	WDH	0	international	OpenFlights-2014		0.1500			FNLU	FYWH	DT	951	4105
MGA	MIA	0	international	OpenFlights-2014		0.1500			MNMG	KMIA	AA	1863	3576
COK	DOH	0	international	OpenFlights-2014		0.1500			VOCI	OTHH	9W	3136	11051
DME	HEL	0	international	OpenFlights-2014		0.1500			UUDD	EFHK	AY	4029	421
CGK	XMN	0	international	OpenFlights-2014		0.1500			WIII	ZSAM	CA	3275	3383
BNE	HBA	0	domestic	OpenFlights-2014		0.1500			YBBN	YMHB	JQ	3320	3336
ABV	ADD	0	international	OpenFlights-2014		0.1500			DNAA	HAAB	ET	260	1107
JFK	POS	0	international	OpenFlights-2014		0.1500			KJFK	TTPP	B6	3797	2902
BLR	LHR	0	international	OpenFlights-2014		0.1500			VOBL	EGLL	AA	3131	507
LAX	SVO	0	international	OpenFlights-2014		0.1500			KLAX	UUEE	DL	3484	2985
DPS	HKG	0	international	OpenFlights-2014		0.1500			WADD	VHHH	CX	3940	3077
BHE	CHC	0	domestic	OpenFlights-2014		0.1500			NZWB	NZCH	NZ	2037	2009
DAR	LLW	0	international	OpenFlights-2014		0.1500			HTDA	FWKI	ET	1177	1016
BOG	LPB	0	international	OpenFlights-2014		0.1500			SKBO	SLLP	AV	2709	2762
AMD	KWI	0	international	OpenFlights-2014		0.1500			VAAH	OKKK	AI	2994	2176
DME	RIX	0	international	OpenFlights-2014		0.1500			UUDD	EVRA	BT	4029	3953
FUK	HAN	0	international	OpenFlights-2014		0.1500			RJFF	VVNB	JL	2305	3199
DUD	WLG	0	domestic	OpenFlights-2014		0.1500			NZDN	NZWN	NZ	2011	2042
NDJ	NIM	0	international	OpenFlights-2014		0.1500			FTTJ	DRRN	ET	999	280
COR	PTY	0	international	OpenFlights-2014		0.1500			SACO	MPTO	CM	2443	1871
MLE	TRV	0	international	OpenFlights-2014		0.1500			VRMM	VOTV	AI	3156	3153
SOF	SVO	0	international	OpenFlights-2014		0.1500			LBSF	UUEE	FB	1194	2985
HND	SGN	0	international	OpenFlights-2014		0.1500			RJTT	VVTS	JL	2359	3205
NSN	PMR	0	domestic	OpenFlights-2014		0.1500			NZNS	NZPM	NZ	2024	2028
NKC	TUN	0	international	OpenFlights-2014		0.1500			GQNO	DTTA	TU	1094	287
DFW	EZE	0	international	OpenFlights-2014		0.1500			KDFW	SAEZ	4M	3670	3988
GAU	PBH	0	international	OpenFlights-2014		0.1500			VEGT	VQPR	KB	6173	3155
DME	FCO	0	international	OpenFlights-2014		0.1500			UUDD	LIRF	BV	4029	1555
KMG	REP	0	international	OpenFlights-2014		0.1500			ZPPP	KH-0003	MU	3382	3035
CNS	ISA	0	domestic	OpenFlights-2014		0.1500			YBCS	YBMA	Q6	3322	3324
BJM	EBB	0	international	OpenFlights-2014		0.1500			HBBA	HUEN	U7	1120	1187
BZE	CUN	0	international	OpenFlights-2014		0.1500			MZBZ	MMUN	9N	1957	1852
MAA	HRI	0	international	OpenFlights-2014		0.1500			VOMM	VCRI	MJ	3144	8949
GYD	SVO	0	international	OpenFlights-2014		0.1500			UBBB	UUEE	FG	2922	2985
KMG	VTE	0	international	OpenFlights-2014		0.1500			ZPPP	VLVT	MU	3382	3120
ADL	CBR	0	domestic	OpenFlights-2014		0.1500			YPAD	YSCB	QF	3341	3355
ASM	KRT	0	international	OpenFlights-2014		0.1500			HHAS	HSSK	UE	3967	1175
MBJ	ORD	0	international	OpenFlights-2014		0.1500			MKJS	KORD	AA	1780	3830
GOI	PNQ	0	domestic	OpenFlights-2014		0.1500			VOGO	VAPO	AI	3007	3017
DME	VIE	0	international	OpenFlights-2014		0.1500			UUDD	LOWW	HG	4029	1613
BKK	CKG	0	international	OpenFlights-2014		0.1500			VTBS	ZUCK	8B	3885	3393
CTU	MEL	0	international	OpenFlights-2014		0.1500			ZUUU	YMML	3U	3395	3339
FNA	LGW	0	international	OpenFlights-2014		0.1500			GFLL	EGKK	3G	1059	502
MEX	PHX	0	international	OpenFlights-2014		0.1500			MMMX	KPHX	AA	1824	3462
CCJ	JED	0	international	OpenFlights-2014		0.1500			VOCL	OEJN	AI	3137	2072
LJU	SVO	0	international	OpenFlights-2014		0.1500			LJLJ	UUEE	JP	1569	2985
AMS	KUL	0	international	OpenFlights-2014		0.1500			EHAM	WMKK	AF	580	3304
SYD	YVR	0	international	OpenFlights-2014		0.1500			YSSY	CYVR	AC	3361	156
JIB	SAH	0	international	OpenFlights-2014		0.1500			HDAM	OYSN	FO	4119	3980
PHL	PUJ	0	international	OpenFlights-2014		0.1500			KPHL	MDPC	AA	3752	1760
AUH	JAI	0	international	OpenFlights-2014		0.1500			OMAA	VIJP	EY	2179	3098
BCN	DME	0	international	OpenFlights-2014		0.1500			LEBL	UUDD	IB	1218	4029
DPS	SZX	0	international	OpenFlights-2014		0.1500			WADD	ZGSZ	CZ	3940	3374
DRW	ASP	0	domestic	OpenFlights-2014		0.1500			YPDN	YBAS	EK	3999	3319
IST	KGL	0	international	OpenFlights-2014		0.1500			LTFM	HRYR	TK	1701	1165
GRU	YYZ	0	international	OpenFlights-2014		0.1500			SBGR	CYYZ	AC	2564	193
DXB	LKO	0	international	OpenFlights-2014		0.1500			OMDB	VILK	FZ	2188	3105
BEY	SVO	0	international	OpenFlights-2014		0.1500			OLBA	UUEE	ME	2177	2985
ALA	SGN	0	international	OpenFlights-2014		0.1500			UAAA	VVTS	KC	2908	3205
NAN	VLI	0	international	OpenFlights-2014		0.1500			NFFN	NVVV	FJ	1960	1997
LIS	MPM	0	international	OpenFlights-2014		0.1500			LPPT	FQMA	TP	1638	979
PAP	YUL	0	international	OpenFlights-2014		0.1500			MTPP	CYUL	AC	1897	146
DEL	KTM	0	international	OpenFlights-2014		0.1500			VIDP	VNKT	6E	3093	3125
DME	MAD	0	international	OpenFlights-2014		0.1500			UUDD	LEMD	IB	4029	1229
SIN	ZRH	0	international	OpenFlights-2014		0.1500			WSSS	LSZH	LX	3316	1678
CBR	PER	0	domestic	OpenFlights-2014		0.1500			YSCB	YPPH	QF	3355	3351
ACC	ROB	0	international	OpenFlights-2014		0.1500			DGAA	GLRB	3G	248	1063
ATL	SJO	0	international	OpenFlights-2014		0.1500			KATL	MROC	AF	3682	1885
BOM	CMB	0	international	OpenFlights-2014		0.1500			VABB	VCBI	9W	2997	3024
SVO	ULN	0	international	OpenFlights-2014		0.1500			UUEE	ZMUB	OM	2985	3380
MNL	SFO	0	international	OpenFlights-2014		0.1500			RPLL	KSFO	PR	2397	3469
ISA	OOL	0	domestic	OpenFlights-2014		0.1500			YBMA	YBCG	QF	3324	3321
BGF	CMN	0	international	OpenFlights-2014		0.1500			FEFF	GMMN	AT	888	1074
EWR	SAL	0	international	OpenFlights-2014		0.1500			KEWR	MSLP	AV	3494	1892
CCU	DAC	0	international	OpenFlights-2014		0.1500			VECC	VGHS	4H	3043	3076
DME	PMI	0	international	OpenFlights-2014		0.1500			UUDD	LEPA	IB	4029	3998
ICN	RGN	0	international	OpenFlights-2014		0.1500			RKSI	VYYY	8M	3930	3239
HKG	POM	0	international	OpenFlights-2014		0.1500			VHHH	AYPY	PX	3077	5
NBO	TNR	0	international	OpenFlights-2014		0.1500			HKJK	FMMI	KQ	4059	918
GEO	POS	0	international	OpenFlights-2014		0.1500			SYCJ	TTPP	BW	4304	2902
COK	MCT	0	international	OpenFlights-2014		0.1500			VOCI	OOMS	9W	3136	2194
SVO	TLL	0	international	OpenFlights-2014		0.1500			UUEE	EETN	OV	2985	415
PVG	REP	0	international	OpenFlights-2014		0.1500			ZSPD	KH-0003	9C	3406	3035
NOU	NRT	0	international	OpenFlights-2014		0.1500			NWWW	RJAA	SB	2005	2279
CAI	TLV	0	international	OpenFlights-2014		0.1500			HECA	LLBG	4D	1128	1590
HAV	NAS	0	international	OpenFlights-2014		0.1500			MUHA	MYNN	CU	1909	1953
LHR	MAA	0	international	OpenFlights-2014		0.1500			EGLL	VOMM	AA	507	3144
DME	KBP	0	international	OpenFlights-2014		0.1500			UUDD	UKBB	PS	4029	2939
CDG	HAN	0	international	OpenFlights-2014		0.1500			LFPG	VVNB	AF	1382	3199
CHC	NPE	0	domestic	OpenFlights-2014		0.1500			NZCH	NZNR	NZ	2009	4095
AMM	TIP	0	international	OpenFlights-2014		0.1500			OJAI	LY-0019	8U	2170	1157
CCS	IAH	0	international	OpenFlights-2014		0.1500			SVMI	KIAH	UA	2851	3550
BLR	FRA	0	international	OpenFlights-2014		0.1500			VOBL	EDDF	AI	3131	340
OTP	SVO	0	international	OpenFlights-2014		0.1500			LROP	UUEE	RO	1657	2985
CGK	TPE	0	international	OpenFlights-2014		0.1500			WIII	RCTP	BR	3275	2276
NPL	WLG	0	domestic	OpenFlights-2014		0.1500			NZNP	NZWN	NZ	2023	2042
ALG	NCE	0	international	OpenFlights-2014		0.1500			DAAG	LFMN	AH	210	1354
GIG	MVD	0	international	OpenFlights-2014		0.1500			SBGL	SUMU	5Q	2560	2816
GOI	KWI	0	international	OpenFlights-2014		0.1500			VOGO	OKKK	AI	3007	2176
ASB	DME	0	international	OpenFlights-2014		0.1500			UTAA	UUDD	S7	2976	4029
CAN	VTE	0	international	OpenFlights-2014		0.1500			ZGGG	VLVT	QV	3370	3120
BNE	HIR	0	international	OpenFlights-2014		0.1500			YBBN	AGGH	IE	3320	4074
ADD	JUB	0	international	OpenFlights-2014		0.1500			HAAB	HJJJ	ET	1107	1173
ASU	LIM	0	international	OpenFlights-2014		0.1500			SGAS	SPIM	AV	2699	2789
DOH	CCJ	0	international	OpenFlights-2014		0.1500			OTHH	VOCL	IX	11051	3137
ARN	SVO	0	international	OpenFlights-2014		0.1500			ESSA	UUEE	SK	737	2985
BKK	KHI	0	international	OpenFlights-2014		0.1500			VTBS	OPKC	CX	3885	2206
MEL	TSV	0	domestic	OpenFlights-2014		0.1500			YMML	YBTL	JQ	3339	3330
JNB	MUC	0	international	OpenFlights-2014		0.1500			FAOR	EDDM	LH	813	346
GUA	MGA	0	international	OpenFlights-2014		0.1500			MGGT	MNMG	CM	1767	1863
CMB	TRV	0	international	OpenFlights-2014		0.1500			VCBI	VOTV	MJ	3024	3153
DME	TBS	0	international	OpenFlights-2014		0.1500			UUDD	UGTB	S7	4029	3973
FNJ	KUL	0	international	OpenFlights-2014		0.1500			ZKPY	WMKK	JS	3377	3304
AKL	HLZ	0	domestic	OpenFlights-2014		0.1500			NZAA	NZHN	NZ	2006	2015
BEG	TUN	0	international	OpenFlights-2014		0.1500			LYBE	DTTA	TU	1739	287
COR	SCL	0	international	OpenFlights-2014		0.1500			SACO	SCEL	LA	2443	2650
AMD	JAI	0	domestic	OpenFlights-2014		0.1500			VAAH	VIJP	6E	2994	3098
CPH	SVO	0	international	OpenFlights-2014		0.1500			EKCH	UUEE	SK	609	2985
SIN	WUH	0	international	OpenFlights-2014		0.1500			WSSS	ZHHH	MI	3316	3376
BME	DRW	0	domestic	OpenFlights-2014		0.1500			YBRM	YPDN	QF	4319	3999
BKO	DKR	0	international	OpenFlights-2014		0.1500			GABS	GOOY	2J	1044	1084
BZE	SAP	0	international	OpenFlights-2014		0.1500			MZBZ	MHLM	9N	1957	1772
FRA	PNQ	0	international	OpenFlights-2014		0.1500			EDDF	VAPO	AI	340	3017
OSL	SVO	0	international	OpenFlights-2014		0.1500			ENGM	UUEE	SK	644	2985
MNL	PEK	0	international	OpenFlights-2014		0.1500			RPLL	ZBAA	5J	2397	3364
CKG	SYD	0	international	OpenFlights-2014		0.1500			ZUCK	YSSY	3U	3393	3361
COO	OUA	0	international	OpenFlights-2014		0.1500			DBBB	DFFD	2J	245	246
BSB	MIA	0	international	OpenFlights-2014		0.1500			SBBR	KMIA	AA	2531	3576
LKO	MCT	0	international	OpenFlights-2014		0.1500			VILK	OOMS	WY	3105	2194
DME	MAN	0	international	OpenFlights-2014		0.1500			UUDD	EGCC	U2	4029	478
CGK	HND	0	international	OpenFlights-2014		0.1500			WIII	RJTT	GA	3275	2359
LAX	NAN	0	international	OpenFlights-2014		0.1500			KLAX	NFFN	AA	3484	1960
BJL	FNA	0	international	OpenFlights-2014		0.1500			GBYD	GFLL	3G	1050	1059
CLT	SJU	0	international	OpenFlights-2014		0.1500			KCLT	TJSJ	AA	3876	2890
DEL	KDH	0	international	OpenFlights-2014		0.1500			VIDP	OAKN	FG	3093	2051
BUD	SVO	0	international	OpenFlights-2014		0.1500			LHBP	UUEE	SU	1489	2985
FUK	SGN	0	international	OpenFlights-2014		0.1500			RJFF	VVTS	JL	2305	3205
ADL	OOL	0	domestic	OpenFlights-2014		0.1500			YPAD	YBCG	JQ	3341	3321
LOS	ROB	0	international	OpenFlights-2014		0.1500			DNMM	GLRB	3G	273	1063
AMS	UIO	0	international	OpenFlights-2014		0.1500			EHAM	SEQM	AF	580	2688
BOM	KTM	0	international	OpenFlights-2014		0.1500			VABB	VNKT	9W	2997	3125
DME	VNO	0	international	OpenFlights-2014		0.1500			UUDD	EYVI	UN	4029	3959
DPS	PHE	0	international	OpenFlights-2014		0.1500			WADD	YPPD	VA	3940	3349
CNS	PER	0	domestic	OpenFlights-2014		0.1500			YBCS	YPPH	JQ	3322	3351
CKY	NKC	0	international	OpenFlights-2014		0.1500			GUCY	GQNO	AF	4162	1094
LAS	MEX	0	international	OpenFlights-2014		0.1500			KLAS	MMMX	AM	3877	1824
CCU	PBH	0	international	OpenFlights-2014		0.1500			VECC	VQPR	KB	3043	3155
DME	TGD	0	international	OpenFlights-2014		0.1500			UUDD	LYPG	YM	4029	1741
CTU	HAN	0	international	OpenFlights-2014		0.1500			ZUUU	VVNB	VN	3395	3199
ISA	TSV	0	domestic	OpenFlights-2014		0.1500			YBMA	YBTL	QF	3324	3330
CPT	GBE	0	international	OpenFlights-2014		0.1500			FACT	FBSK	BP	797	881
CUN	DEN	0	international	OpenFlights-2014		0.1500			MMUN	KDEN	F9	1852	3751
MAA	MLE	0	international	OpenFlights-2014		0.1500			VOMM	VRMM	Q2	3144	3156
JFK	SVO	0	international	OpenFlights-2014		0.1500			KJFK	UUEE	DL	3797	2985
DAC	RGN	0	international	OpenFlights-2014		0.1500			VGHS	VYYY	BG	3076	3239
NRT	POM	0	international	OpenFlights-2014		0.1500			RJAA	AYPY	PX	2279	5
LAD	HRE	0	international	OpenFlights-2014		0.1500			FNLU	FVHA	DT	951	1005
BOG	DFW	0	international	OpenFlights-2014		0.1500			SKBO	KDFW	AA	2709	3670
BLR	GAU	0	domestic	OpenFlights-2014		0.1500			VOBL	VEGT	6E	3131	6173
DME	GYD	0	international	OpenFlights-2014		0.1500			UUDD	UBBB	J2	4029	2922
PEK	REP	0	international	OpenFlights-2014		0.1500			ZBAA	KH-0003	CA	3364	3035
CHC	ROT	0	domestic	OpenFlights-2014		0.1500			NZCH	NZRO	NZ	2009	2031
ABV	LFW	0	international	OpenFlights-2014		0.1500			DNAA	DXXX	ET	260	298
MBJ	PHL	0	international	OpenFlights-2014		0.1500			MKJS	KPHL	AA	1780	3752
COK	DXB	0	international	OpenFlights-2014		0.1500			VOCI	OMDB	6E	3136	2188
SVO	TXL	0	international	OpenFlights-2014		0.1500			UUEE	DE-0876	OM	2985	351
KUL	LHE	0	international	OpenFlights-2014		0.1500			WMKK	OPLA	PK	3304	2207
TRG	WLG	0	domestic	OpenFlights-2014		0.1500			NZTG	NZWN	NZ	2034	2042
ABJ	DLA	0	international	OpenFlights-2014		0.1500			DIAP	FKKD	HF	253	897
MIA	LPB	0	international	OpenFlights-2014		0.1500			KMIA	SLLP	AA	3576	2762
AMD	AUH	0	international	OpenFlights-2014		0.1500			VAAH	OMAA	9W	2994	2179
DME	ZRH	0	international	OpenFlights-2014		0.1500			UUDD	LSZH	LX	4029	1678
BKK	CTS	0	international	OpenFlights-2014		0.1500			VTBS	RJCC	TG	3885	2287
MEL	ZQN	0	international	OpenFlights-2014		0.1500			YMML	NZQN	JQ	3339	2030
LUN	WDH	0	international	OpenFlights-2014		0.1500			FLLS	FYWH	KQ	907	4105
ORD	SJU	0	international	OpenFlights-2014		0.1500			KORD	TJSJ	AA	3830	2890
CCJ	KWI	0	international	OpenFlights-2014		0.1500			VOCL	OKKK	IX	3137	2176
ATH	SVO	0	international	OpenFlights-2014		0.1500			LGAV	UUEE	SU	3941	2985
MNL	XMN	0	international	OpenFlights-2014		0.1500			RPLL	ZSAM	5J	2397	3383
BNE	DUD	0	international	OpenFlights-2014		0.1500			YBBN	NZDN	NZ	3320	2011
DAR	EBB	0	international	OpenFlights-2014		0.1500			HTDA	HUEN	PW	1177	1187
DUS	PUJ	0	international	OpenFlights-2014		0.1500			EDDL	MDPC	AB	345	1760
DOH	GOI	0	international	OpenFlights-2014		0.1500			OTHH	VOGO	QR	11051	3007
DME	TLV	0	international	OpenFlights-2014		0.1500			UUDD	LLBG	LY	4029	1590
HEL	SIN	0	international	OpenFlights-2014		0.1500			EFHK	WSSS	AY	421	3316
YVR	AKL	0	international	OpenFlights-2014		0.1500			CYVR	NZAA	AC	156	2006
DUR	MPM	0	international	OpenFlights-2014		0.1500			FALE	FQMA	SA	799	979
HAV	YYZ	0	international	OpenFlights-2014		0.1500			MUHA	CYYZ	AC	1909	193
AUH	TRV	0	international	OpenFlights-2014		0.1500			OMAA	VOTV	9W	2179	3153
BCN	SVO	0	international	OpenFlights-2014		0.1500			LEBL	UUEE	SU	1218	2985
CDG	SGN	0	international	OpenFlights-2014		0.1500			LFPG	VVTS	AF	1382	3205
SFO	SYD	0	international	OpenFlights-2014		0.1500			KSFO	YSSY	NZ	3469	3361
KRT	NDJ	0	international	OpenFlights-2014		0.1500			HSSK	FTTJ	SD	1175	999
ATL	PTY	0	international	OpenFlights-2014		0.1500			KATL	MPTO	AF	3682	1871
DEL	DYU	0	international	OpenFlights-2014		0.1500			VIDP	UTDD	7J	3093	2979
AMM	DME	0	international	OpenFlights-2014		0.1500			OJAI	UUDD	RJ	2170	4029
HAN	TPE	0	international	OpenFlights-2014		0.1500			VVNB	RCTP	BR	3199	2276
HIR	NAN	0	international	OpenFlights-2014		0.1500			AGGH	NFFN	IE	4074	1960
KGL	LBV	0	international	OpenFlights-2014		0.1500			HRYR	FOOL	WB	1165	970
EZE	FCO	0	international	OpenFlights-2014		0.1500			SAEZ	LIRF	AR	3988	1555
BOM	EWR	0	international	OpenFlights-2014		0.1500			VABB	KEWR	AI	2997	3494
BRU	SVO	0	international	OpenFlights-2014		0.1500			EBBR	UUEE	SU	302	2985
KMG	RGN	0	international	OpenFlights-2014		0.1500			ZPPP	VYYY	CA	3382	3239
ADL	ASP	0	domestic	OpenFlights-2014		0.1500			YPAD	YBAS	QF	3341	3319
MAD	SSG	0	international	OpenFlights-2014		0.1500			LEMD	FGSL	IB	1229	891
IAH	SAL	0	international	OpenFlights-2014		0.1500			KIAH	MSLP	AV	3550	1892
CCU	KTM	0	international	OpenFlights-2014		0.1500			VECC	VNKT	AI	3043	3125
DME	LCA	0	international	OpenFlights-2014		0.1500			UUDD	LCLK	S7	4029	1197
CGK	HKG	0	international	OpenFlights-2014		0.1500			WIII	VHHH	CI	3275	3077
CBR	OOL	0	domestic	OpenFlights-2014		0.1500			YSCB	YBCG	VA	3355	3321
ASM	SAH	0	international	OpenFlights-2014		0.1500			HHAS	OYSN	IY	3967	3980
LGW	POS	0	international	OpenFlights-2014		0.1500			EGKK	TTPP	BW	502	2902
BLR	CMB	0	international	OpenFlights-2014		0.1500			VOBL	VCBI	MJ	3131	3024
IST	SVO	0	international	OpenFlights-2014		0.1500			LTFM	UUEE	SU	1701	2985
CAN	DPS	0	international	OpenFlights-2014		0.1500			ZGGG	WADD	CZ	3370	3940
JNB	PER	0	international	OpenFlights-2014		0.1500			FAOR	YPPH	QF	813	3351
CAI	EBL	0	international	OpenFlights-2014		0.1500			HECA	ORER	MS	1128	3989
DEN	SJO	0	international	OpenFlights-2014		0.1500			KDEN	MROC	F9	3751	1885
COK	MLE	0	international	OpenFlights-2014		0.1500			VOCI	VRMM	SG	3136	3156
DME	LIS	0	international	OpenFlights-2014		0.1500			UUDD	LPPT	S7	4029	1638
CAN	REP	0	international	OpenFlights-2014		0.1500			ZGGG	KH-0003	CZ	3370	3035
CNS	DRW	0	domestic	OpenFlights-2014		0.1500			YBCS	YPDN	JQ	3322	3999
DKR	OXB	0	international	OpenFlights-2014		0.1500			GOOY	GGOV	3G	1084	5665
GRU	MUC	0	international	OpenFlights-2014		0.1500			SBGR	EDDM	JJ	2564	346
JED	MAA	0	international	OpenFlights-2014		0.1500			OEJN	VOMM	SV	2072	3144
KBP	SVO	0	international	OpenFlights-2014		0.1500			UKBB	UUEE	SU	2939	2985
KUL	PEW	0	international	OpenFlights-2014		0.1500			WMKK	OPPS	PK	3304	2219
TUO	WLG	0	domestic	OpenFlights-2014		0.1500			NZAP	NZWN	NZ	2007	2042
BJM	NBO	0	international	OpenFlights-2014		0.1500			HBBA	HKJK	AC	1120	4059
MVD	SCL	0	international	OpenFlights-2014		0.1500			SUMU	SCEL	5Q	2816	2650
AMD	PNQ	0	domestic	OpenFlights-2014		0.1500			VAAH	VAPO	6E	2994	3017
BKK	ISB	0	international	OpenFlights-2014		0.1500			VTBS	OPIS	TG	3885	2223
CHC	NPL	0	domestic	OpenFlights-2014		0.1500			NZCH	NZNP	NZ	2009	2023
ALG	NIM	0	international	OpenFlights-2014		0.1500			DAAG	DRRN	AH	210	280
CCS	LIM	0	international	OpenFlights-2014		0.1500			SVMI	SPIM	AV	2851	2789
MCT	TRV	0	international	OpenFlights-2014		0.1500			OOMS	VOTV	9W	2194	3153
SIN	TAS	0	international	OpenFlights-2014		0.1500			WSSS	UTTT	HY	3316	2983
AKL	VLI	0	international	OpenFlights-2014		0.1500			NZAA	NVVV	NF	2006	1997
ADD	LLW	0	international	OpenFlights-2014		0.1500			HAAB	FWKI	ET	1107	1016
DFW	GIG	0	international	OpenFlights-2014		0.1500			KDFW	SBGL	AA	3670	2560
DXB	GOI	0	international	OpenFlights-2014		0.1500			OMDB	VOGO	AI	2188	3007
CGK	ICN	0	international	OpenFlights-2014		0.1500			WIII	RKSI	GA	3275	3930
BNE	ZQN	0	international	OpenFlights-2014		0.1500			YBBN	NZQN	NZ	3320	2030
EBB	MGQ	0	international	OpenFlights-2014		0.1500			HUEN	HCMM	U7	1187	5687
GUA	ATL	0	international	OpenFlights-2014		0.1500			MGGT	KATL	AF	1767	3682
CCJ	MCT	0	international	OpenFlights-2014		0.1500			VOCL	OOMS	IX	3137	2194
DPS	HND	0	international	OpenFlights-2014		0.1500			WADD	RJTT	GA	3940	2359
BME	MEL	0	domestic	OpenFlights-2014		0.1500			YBRM	YMML	QF	4319	3339
ARN	CMN	0	international	OpenFlights-2014		0.1500			ESSA	GMMN	AT	737	1074
JFK	SAP	0	international	OpenFlights-2014		0.1500			KJFK	MHLM	AV	3797	1772
DEL	VIE	0	international	OpenFlights-2014		0.1500			VIDP	LOWW	AI	3093	1613
HAN	PVG	0	international	OpenFlights-2014		0.1500			VVNB	ZSPD	MU	3199	3406
NAN	NOU	0	international	OpenFlights-2014		0.1500			NFFN	NWWW	SB	1960	2005
YUL	TUN	0	international	OpenFlights-2014		0.1500			CYUL	DTTA	FS	146	287
MAD	UIO	0	international	OpenFlights-2014		0.1500			LEMD	SEQM	IB	1229	2688
BOM	KHI	0	international	OpenFlights-2014		0.1500			VABB	OPKC	PK	2997	2206
FUK	MNL	0	international	OpenFlights-2014		0.1500			RJFF	RPLL	PR	2305	2397
SYD	VLI	0	international	OpenFlights-2014		0.1500			YSSY	NVVV	NF	3361	1997
MAN	TIP	0	international	OpenFlights-2014		0.1500			EGCC	LY-0019	LN	478	1157
BSB	LIS	0	international	OpenFlights-2014		0.1500			SBBR	LPPT	TP	2531	1638
BLR	JAI	0	domestic	OpenFlights-2014		0.1500			VOBL	VIJP	6E	3131	3098
FRA	SGN	0	international	OpenFlights-2014		0.1500			EDDF	VVTS	AZ	340	3205
CNS	POM	0	international	OpenFlights-2014		0.1500			YBCS	AYPY	PX	3322	5
ACC	BEY	0	international	OpenFlights-2014		0.1500			DGAA	OLBA	ME	248	2177
IAH	MGA	0	international	OpenFlights-2014		0.1500			KIAH	MNMG	UA	3550	1863
CCU	HKG	0	international	OpenFlights-2014		0.1500			VECC	VHHH	CX	3043	3077
PEK	RGN	0	international	OpenFlights-2014		0.1500			ZBAA	VYYY	CA	3364	3239
DRW	ISA	0	domestic	OpenFlights-2014		0.1500			YPDN	YBMA	QF	3999	3324
JUB	KRT	0	international	OpenFlights-2014		0.1500			HJJJ	HSSK	SD	1173	1175
CUN	PHX	0	international	OpenFlights-2014		0.1500			MMUN	KPHX	AA	1852	3462
COK	KWI	0	international	OpenFlights-2014		0.1500			VOCI	OKKK	KU	3136	2176
REP	TPE	0	international	OpenFlights-2014		0.1500			KH-0003	RCTP	GE	3035	2276
NRT	OOL	0	international	OpenFlights-2014		0.1500			RJAA	YBCG	JL	2279	3321
IST	JIB	0	international	OpenFlights-2014		0.1500			LTFM	HDAM	TK	1701	4119
LAS	PTY	0	international	OpenFlights-2014		0.1500			KLAS	MPTO	CM	3877	1871
DAC	MAA	0	international	OpenFlights-2014		0.1500			VGHS	VOMM	Q2	3076	3144
BKK	WUH	0	international	OpenFlights-2014		0.1500			VTBS	ZHHH	CZ	3885	3376
DOH	PER	0	international	OpenFlights-2014		0.1500			OTHH	YPPH	QR	11051	3351
BKO	OUA	0	international	OpenFlights-2014		0.1500			GABS	DFFD	2J	1044	246
ASU	EZE	0	international	OpenFlights-2014		0.1500			SGAS	SAEZ	AR	2699	3988
AMD	DXB	0	international	OpenFlights-2014		0.1500			VAAH	OMDB	EK	2994	2188
HGH	KUL	0	international	OpenFlights-2014		0.1500			ZSHC	WMKK	D7	3386	3304
ADL	HKG	0	international	OpenFlights-2014		0.1500			YPAD	VHHH	CX	3341	3077
COO	LOS	0	international	OpenFlights-2014		0.1500			DBBB	DNMM	AT	245	273
COR	GRU	0	international	OpenFlights-2014		0.1500			SACO	SBGR	G3	2443	2564
KWI	TRV	0	international	OpenFlights-2014		0.1500			OKKK	VOTV	KU	2176	3153
CPH	SIN	0	international	OpenFlights-2014		0.1500			EKCH	WSSS	SK	609	3316
WLG	WRE	0	domestic	OpenFlights-2014		0.1500			NZWN	NZWR	NZ	2042	2045
GBE	HRE	0	international	OpenFlights-2014		0.1500			FBSK	FVHA	BP	881	1005
CLT	MEX	0	international	OpenFlights-2014		0.1500			KCLT	MMMX	AA	3876	1824
ALA	DEL	0	international	OpenFlights-2014		0.1500			UAAA	VIDP	KC	2908	3093
LAX	MNL	0	international	OpenFlights-2014		0.1500			KLAX	RPLL	PR	3484	2397
CHC	NSN	0	domestic	OpenFlights-2014		0.1500			NZCH	NZNS	NZ	2009	2024
CPT	LAD	0	international	OpenFlights-2014		0.1500			FACT	FNLU	DT	797	951
MIA	PAP	0	international	OpenFlights-2014		0.1500			KMIA	MTPP	AA	3576	1897
BOM	MUC	0	international	OpenFlights-2014		0.1500			VABB	EDDM	AI	2997	346
HAN	VTE	0	international	OpenFlights-2014		0.1500			VVNB	VLVT	QV	3199	3120
BNE	PHE	0	domestic	OpenFlights-2014		0.1500			YBBN	YPPD	QF	3320	3349
ABJ	FNA	0	international	OpenFlights-2014		0.1500			DIAP	GFLL	E2	253	1059
PHL	SJU	0	international	OpenFlights-2014		0.1500			KPHL	TJSJ	AA	3752	2890
BLR	LKO	0	domestic	OpenFlights-2014		0.1500			VOBL	VILK	6E	3131	3105
CGK	JED	0	international	OpenFlights-2014		0.1500			WIII	OEJN	GA	3275	2072
AKL	SFO	0	international	OpenFlights-2014		0.1500			NZAA	KSFO	NZ	2006	3469
ABV	NDJ	0	international	OpenFlights-2014		0.1500			DNAA	FTTJ	ET	260	999
BOG	YYZ	0	international	OpenFlights-2014		0.1500			SKBO	CYYZ	AC	2709	193
CMB	COK	0	international	OpenFlights-2014		0.1500			VCBI	VOCI	MJ	3024	3136
DPS	ICN	0	international	OpenFlights-2014		0.1500			WADD	RKSI	GA	3940	3930
CKY	LFW	0	international	OpenFlights-2014		0.1500			GUCY	DXXX	ET	4162	298
MBJ	YUL	0	international	OpenFlights-2014		0.1500			MKJS	CYUL	AC	1780	146
CCU	KMG	0	international	OpenFlights-2014		0.1500			VECC	ZPPP	MU	3043	3382
PVG	SGN	0	international	OpenFlights-2014		0.1500			ZSPD	VVTS	MU	3406	3205
DUR	LUN	0	international	OpenFlights-2014		0.1500			FALE	FLLS	SA	799	907
BZE	SAL	0	international	OpenFlights-2014		0.1500			MZBZ	MSLP	AV	1957	1892
AUH	MAA	0	international	OpenFlights-2014		0.1500			OMAA	VOMM	9W	2179	3144
RGN	TPE	0	international	OpenFlights-2014		0.1500			VYYY	RCTP	CI	3239	2276
DAR	KGL	0	international	OpenFlights-2014		0.1500			HTDA	HRYR	WB	1177	1165
AMS	LIM	0	international	OpenFlights-2014		0.1500			EHAM	SPIM	AZ	580	2789
AMD	DOH	0	international	OpenFlights-2014		0.1500			VAAH	OTHH	QR	2994	11051
HKG	REP	0	international	OpenFlights-2014		0.1500			VHHH	KH-0003	KA	3077	3035
BCN	BJL	0	international	OpenFlights-2014		0.1500			LEBL	GBYD	3G	1218	1050
CCS	FCO	0	international	OpenFlights-2014		0.1500			SVMI	LIRF	AZ	2851	1555
DOH	TRV	0	international	OpenFlights-2014		0.1500			OTHH	VOTV	QR	11051	3153
BKK	OSL	0	international	OpenFlights-2014		0.1500			VTBS	ENGM	DY	3885	644
BRU	BJM	0	international	OpenFlights-2014		0.1500			EBBR	HBBA	AC	302	1120
GIG	LHR	0	international	OpenFlights-2014		0.1500			SBGL	EGLL	BA	2560	507
DEL	LHE	0	international	OpenFlights-2014		0.1500			VIDP	OPLA	PK	3093	2207
CGP	KUL	0	international	OpenFlights-2014		0.1500			VGEG	WMKK	OD	3069	3304
ASM	JUB	0	international	OpenFlights-2014		0.1500			HHAS	HJJJ	UE	3967	1173
ORD	PUJ	0	international	OpenFlights-2014		0.1500			KORD	MDPC	F9	3830	1760
BOM	ZRH	0	international	OpenFlights-2014		0.1500			VABB	LSZH	AI	2997	1678
CTU	SIN	0	international	OpenFlights-2014		0.1500			ZUUU	WSSS	CA	3395	3316
JNB	TNR	0	international	OpenFlights-2014		0.1500			FAOR	FMMI	MD	813	918
EWR	GUA	0	international	OpenFlights-2014		0.1500			KEWR	MGGT	UA	3494	1767
BLR	CDG	0	international	OpenFlights-2014		0.1500			VOBL	LFPG	AF	3131	1382
MNL	YVR	0	international	OpenFlights-2014		0.1500			RPLL	CYVR	PR	2397	156
ALG	PMI	0	international	OpenFlights-2014		0.1500			DAAG	LEPA	AH	210	3998
HAV	LGW	0	international	OpenFlights-2014		0.1500			MUHA	EGKK	VS	1909	502
CCU	JAI	0	domestic	OpenFlights-2014		0.1500			VECC	VIJP	6E	3043	3098
CAI	CGK	0	international	OpenFlights-2014		0.1500			HECA	WIII	MS	1128	3275
CMN	NCE	0	international	OpenFlights-2014		0.1500			GMMN	LFMN	AT	1074	1354
SAP	SJO	0	international	OpenFlights-2014		0.1500			MHLM	MROC	AV	1772	1885
COK	PNQ	0	domestic	OpenFlights-2014		0.1500			VOCI	VAPO	SG	3136	3017
HAN	HND	0	international	OpenFlights-2014		0.1500			VVNB	RJTT	NH	3199	2359
DKR	DLA	0	international	OpenFlights-2014		0.1500			GOOY	FKKD	3G	1084	897
ASU	SCL	0	international	OpenFlights-2014		0.1500			SGAS	SCEL	LA	2699	2650
FRA	MAA	0	international	OpenFlights-2014		0.1500			EDDF	VOMM	AI	340	3144
PEK	SGN	0	international	OpenFlights-2014		0.1500			ZBAA	VVTS	CA	3364	3205
LLW	NBO	0	international	OpenFlights-2014		0.1500			FWKI	HKJK	AF	1016	4059
POS	YYZ	0	international	OpenFlights-2014		0.1500			TTPP	CYYZ	BW	2902	193
AMD	GOI	0	domestic	OpenFlights-2014		0.1500			VAAH	VOGO	6E	2994	3007
DPS	NRT	0	international	OpenFlights-2014		0.1500			WADD	RJAA	GA	3940	2279
COO	SSG	0	international	OpenFlights-2014		0.1500			DBBB	FGSL	C8	245	891
ATL	BSB	0	international	OpenFlights-2014		0.1500			KATL	SBBR	DL	3682	2531
ASB	DEL	0	international	OpenFlights-2014		0.1500			UTAA	VIDP	T5	2976	3093
NRT	RGN	0	international	OpenFlights-2014		0.1500			RJAA	VYYY	NH	2279	3239
LBV	LOS	0	international	OpenFlights-2014		0.1500			FOOL	DNMM	DH	970	273
IAH	UIO	0	international	OpenFlights-2014		0.1500			KIAH	SEQM	UA	3550	2688
BOM	SAH	0	international	OpenFlights-2014		0.1500			VABB	OYSN	IY	2997	3980
BKK	ULN	0	international	OpenFlights-2014		0.1500			VTBS	ZMUB	MR	3885	3380
ABJ	ROB	0	international	OpenFlights-2014		0.1500			DIAP	GLRB	E2	253	1063
MAD	MVD	0	international	OpenFlights-2014		0.1500			LEMD	SUMU	UX	1229	2816
BLR	JED	0	international	OpenFlights-2014		0.1500			VOBL	OEJN	SV	3131	2072
KUL	XMN	0	international	OpenFlights-2014		0.1500			WMKK	ZSAM	CZ	3304	3383
ABV	NIM	0	international	OpenFlights-2014		0.1500			DNAA	DRRN	ET	260	280
NAS	PTY	0	international	OpenFlights-2014		0.1500			MYNN	MPTO	CM	1953	1871
CCU	PNQ	0	domestic	OpenFlights-2014		0.1500			VECC	VAPO	6E	3043	3017
CKG	SIN	0	international	OpenFlights-2014		0.1500			ZUCK	WSSS	MI	3393	3316
ADD	MPM	0	international	OpenFlights-2014		0.1500			HAAB	FQMA	ET	1107	979
CUN	DUS	0	international	OpenFlights-2014		0.1500			MMUN	EDDL	AB	1852	345
CCJ	COK	0	domestic	OpenFlights-2014		0.1500			VOCL	VOCI	AI	3137	3136
LHR	MNL	0	international	OpenFlights-2014		0.1500			EGLL	RPLL	PR	507	2397
BKO	NKC	0	international	OpenFlights-2014		0.1500			GABS	GQNO	L6	1044	1094
MAN	MBJ	0	international	OpenFlights-2014		0.1500			EGCC	MKJS	DE	478	1780
MAA	MCT	0	international	OpenFlights-2014		0.1500			VOMM	OOMS	AI	3144	2194
CAN	CGK	0	international	OpenFlights-2014		0.1500			ZGGG	WIII	CZ	3370	3275
CPT	WDH	0	international	OpenFlights-2014		0.1500			FACT	FYWH	SA	797	4105
DEN	MEX	0	international	OpenFlights-2014		0.1500			KDEN	MMMX	UA	3751	1824
AMD	MCT	0	international	OpenFlights-2014		0.1500			VAAH	OOMS	SG	2994	2194
HAN	ICN	0	international	OpenFlights-2014		0.1500			VVNB	RKSI	KE	3199	3930
BEY	TUN	0	international	OpenFlights-2014		0.1500			OLBA	DTTA	ME	2177	287
COR	LIM	0	international	OpenFlights-2014		0.1500			SACO	SPIM	LA	2443	2789
DEL	HEL	0	international	OpenFlights-2014		0.1500			VIDP	EFHK	AY	3093	421
DPS	PVG	0	international	OpenFlights-2014		0.1500			WADD	ZSPD	MU	3940	3406
AMM	KRT	0	international	OpenFlights-2014		0.1500			OJAI	HSSK	RJ	2170	1175
MGA	SAL	0	international	OpenFlights-2014		0.1500			MNMG	MSLP	LR	1863	1892
BOM	TLV	0	international	OpenFlights-2014		0.1500			VABB	LLBG	LY	2997	1590
SGN	TPE	0	international	OpenFlights-2014		0.1500			VVTS	RCTP	BR	3205	2276
LFW	OUA	0	international	OpenFlights-2014		0.1500			DXXX	DFFD	2J	298	246
EZE	JFK	0	international	OpenFlights-2014		0.1500			SAEZ	KJFK	4M	3988	3797
BKK	GAU	0	international	OpenFlights-2014		0.1500			VTBS	VEGT	KB	3885	6173
HKG	RGN	0	international	OpenFlights-2014		0.1500			VHHH	VYYY	KA	3077	3239
LUN	LAD	0	international	OpenFlights-2014		0.1500			FLLS	FNLU	DT	907	951
CCS	DFW	0	international	OpenFlights-2014		0.1500			SVMI	KDFW	AA	2851	3670
AUH	BLR	0	international	OpenFlights-2014		0.1500			OMAA	VOBL	9W	2179	3131
KUL	TAS	0	international	OpenFlights-2014		0.1500			WMKK	UTTT	HY	3304	2983
ACC	FNA	0	international	OpenFlights-2014		0.1500			DGAA	GFLL	E2	248	1059
CLT	GRU	0	international	OpenFlights-2014		0.1500			KCLT	SBGR	AA	3876	2564
CCU	DXB	0	international	OpenFlights-2014		0.1500			VECC	OMDB	EK	3043	2188
IST	SIN	0	international	OpenFlights-2014		0.1500			LTFM	WSSS	GA	1701	3316
HRE	LLW	0	international	OpenFlights-2014		0.1500			FVHA	FWKI	ET	1005	1016
MUC	PUJ	0	international	OpenFlights-2014		0.1500			EDDM	MDPC	AB	346	1760
KWI	MAA	0	international	OpenFlights-2014		0.1500			OKKK	VOMM	KU	2176	3144
CGK	CMB	0	international	OpenFlights-2014		0.1500			WIII	VCBI	MJ	3275	3024
EBB	ASM	0	international	OpenFlights-2014		0.1500			HUEN	HHAS	UE	1187	3967
BCN	BOG	0	international	OpenFlights-2014		0.1500			LEBL	SKBO	AV	1218	2709
AUH	COK	0	international	OpenFlights-2014		0.1500			OMAA	VOCI	9W	2179	3136
HND	MNL	0	international	OpenFlights-2014		0.1500			RJTT	RPLL	NH	2359	2397
FCO	TIP	0	international	OpenFlights-2014		0.1500			LIRF	LY-0019	8U	1555	1157
EWR	SJU	0	international	OpenFlights-2014		0.1500			KEWR	TJSJ	B6	3494	2890
DEL	KHI	0	international	OpenFlights-2014		0.1500			VIDP	OPKC	PK	3093	2206
DPS	POM	0	international	OpenFlights-2014		0.1500			WADD	AYPY	PX	3940	5
BRU	DLA	0	international	OpenFlights-2014		0.1500			EBBR	FKKD	AC	302	897
ATL	PAP	0	international	OpenFlights-2014		0.1500			KATL	MTPP	DL	3682	1897
BOM	CTU	0	international	OpenFlights-2014		0.1500			VABB	ZUUU	CA	2997	3395
FRA	HAN	0	international	OpenFlights-2014		0.1500			EDDF	VVNB	AZ	340	3199
AMS	KGL	0	international	OpenFlights-2014		0.1500			EHAM	HRYR	AF	580	1165
LAX	SJO	0	international	OpenFlights-2014		0.1500			KLAX	MROC	DL	3484	1885
BLR	GOI	0	domestic	OpenFlights-2014		0.1500			VOBL	VOGO	6E	3131	3007
CAN	SGN	0	international	OpenFlights-2014		0.1500			ZGGG	VVTS	CZ	3370	3205
CDG	BGF	0	international	OpenFlights-2014		0.1500			LFPG	FEFF	AF	1382	888
HAV	ZRH	0	international	OpenFlights-2014		0.1500			MUHA	LSZH	LX	1909	1678
CCJ	MAA	0	domestic	OpenFlights-2014		0.1500			VOCL	VOMM	SG	3137	3144
DOH	RGN	0	international	OpenFlights-2014		0.1500			OTHH	VYYY	QR	11051	3239
BUD	CAI	0	international	OpenFlights-2014		0.1500			LHBP	HECA	MS	1489	1128
GIG	LIS	0	international	OpenFlights-2014		0.1500			SBGL	LPPT	TP	2560	1638
BKK	VIE	0	international	OpenFlights-2014		0.1500			VTBS	LOWW	BR	3885	1613
CMN	OXB	0	international	OpenFlights-2014		0.1500			GMMN	GGOV	AT	1074	5665
SCL	UIO	0	international	OpenFlights-2014		0.1500			SCEL	SEQM	LA	2650	2688
ALA	KUL	0	international	OpenFlights-2014		0.1500			UAAA	WMKK	KC	2908	3304
JIB	NBO	0	international	OpenFlights-2014		0.1500			HDAM	HKJK	KL	4119	4059
ASU	MIA	0	international	OpenFlights-2014		0.1500			SGAS	KMIA	AA	2699	3576
KTM	SIN	0	international	OpenFlights-2014		0.1500			VNKT	WSSS	MI	3125	3316
ARN	ADD	0	international	OpenFlights-2014		0.1500			ESSA	HAAB	ET	737	1107
DFW	GUA	0	international	OpenFlights-2014		0.1500			KDFW	MGGT	AA	3670	1767
HAN	PEK	0	international	OpenFlights-2014		0.1500			VVNB	ZBAA	CZ	3199	3364
NCE	TUN	0	international	OpenFlights-2014		0.1500			LFMN	DTTA	TU	1354	287
EWR	POS	0	international	OpenFlights-2014		0.1500			KEWR	TTPP	UA	3494	2902
CGK	PER	0	international	OpenFlights-2014		0.1500			WIII	YPPH	EY	3275	3351
BKO	CKY	0	international	OpenFlights-2014		0.1500			GABS	GUCY	DH	1044	4162
IAH	SAP	0	international	OpenFlights-2014		0.1500			KIAH	MHLM	UA	3550	1772
DPS	MEL	0	international	OpenFlights-2014		0.1500			WADD	YMML	GA	3940	3339
COO	LBV	0	international	OpenFlights-2014		0.1500			DBBB	FOOL	DH	245	970
CUN	ORD	0	international	OpenFlights-2014		0.1500			MMUN	KORD	AA	1852	3830
ICN	SGN	0	international	OpenFlights-2014		0.1500			RKSI	VVTS	KE	3930	3205
LOS	SSG	0	international	OpenFlights-2014		0.1500			DNMM	FGSL	DH	273	891
MEX	YVR	0	international	OpenFlights-2014		0.1500			MMMX	CYVR	AC	1824	156
DRW	MNL	0	international	OpenFlights-2014		0.1500			YPDN	RPLL	PR	3999	2397
DAR	HRE	0	international	OpenFlights-2014		0.1500			HTDA	FVHA	MS	1177	1005
PUJ	YUL	0	international	OpenFlights-2014		0.1500			MDPC	CYUL	AC	1760	146
CCU	RGN	0	international	OpenFlights-2014		0.1500			VECC	VYYY	AI	3043	3239
CPT	MPM	0	international	OpenFlights-2014		0.1500			FACT	FQMA	SA	797	979
SAL	SFO	0	international	OpenFlights-2014		0.1500			MSLP	KSFO	AV	1892	3469
BKK	TNR	0	international	OpenFlights-2014		0.1500			VTBS	FMMI	MD	3885	918
ACC	WDH	0	international	OpenFlights-2014		0.1500			DGAA	FYWH	SW	248	4105
LGW	MBJ	0	international	OpenFlights-2014		0.1500			EGKK	MKJS	VS	502	1780
ALG	AMM	0	international	OpenFlights-2014		0.1500			DAAG	OJAI	AH	210	2170
EZE	MVD	0	international	OpenFlights-2014		0.1500			SAEZ	SUMU	5Q	3988	2816
KRT	SAH	0	international	OpenFlights-2014		0.1500			HSSK	OYSN	IY	1175	3980
BSB	PTY	0	international	OpenFlights-2014		0.1500			SBBR	MPTO	CM	2531	1871
ROB	BRU	0	international	OpenFlights-2014		0.1500			GLRB	EBBR	LH	1063	302
CCS	JFK	0	international	OpenFlights-2014		0.1500			SVMI	KJFK	AA	2851	3797
JNB	TLV	0	international	OpenFlights-2014		0.1500			FAOR	LLBG	LY	813	1590
CLT	SJO	0	international	OpenFlights-2014		0.1500			KCLT	MROC	AA	3876	1885
IST	NIM	0	international	OpenFlights-2014		0.1500			LTFM	DRRN	TK	1701	280
GRU	LAX	0	international	OpenFlights-2014		0.1500			SBGR	KLAX	AA	2564	3484
EBB	JUB	0	international	OpenFlights-2014		0.1500			HUEN	HJJJ	U7	1187	1173
LIM	YYZ	0	international	OpenFlights-2014		0.1500			SPIM	CYYZ	AC	2789	193
DKR	OUA	0	international	OpenFlights-2014		0.1500			GOOY	DFFD	2J	1084	246
FCO	GIG	0	international	OpenFlights-2014		0.1500			LIRF	SBGL	AZ	1555	2560
ABJ	CKY	0	international	OpenFlights-2014		0.1500			DIAP	GUCY	ET	253	4162
HAV	MAD	0	international	OpenFlights-2014		0.1500			MUHA	LEMD	CU	1909	1229
DLA	LFW	0	international	OpenFlights-2014		0.1500			FKKD	DXXX	ET	897	298
ATL	MGA	0	international	OpenFlights-2014		0.1500			KATL	MNMG	DL	3682	1863
ABV	SSG	0	international	OpenFlights-2014		0.1500			DNAA	FGSL	LH	260	891
BOG	GUA	0	international	OpenFlights-2014		0.1500			SKBO	MGGT	AV	2709	1767
LAD	MPM	0	international	OpenFlights-2014		0.1500			FNLU	FQMA	TM	951	979
DFW	SCL	0	international	OpenFlights-2014		0.1500			KDFW	SCEL	AA	3670	2650
DAR	AMS	0	international	OpenFlights-2014		0.1500			HTDA	EHAM	AF	1177	580
JFK	SJU	0	international	OpenFlights-2014		0.1500			KJFK	TJSJ	AA	3797	2890
FNA	LHR	0	international	OpenFlights-2014		0.1500			GFLL	EGLL	BA	1059	507
MIA	MVD	0	international	OpenFlights-2014		0.1500			KMIA	SUMU	AA	3576	2816
JUB	KGL	0	international	OpenFlights-2014		0.1500			HJJJ	HRYR	WB	1173	1165
BSB	CDG	0	international	OpenFlights-2014		0.1500			SBBR	LFPG	AF	2531	1382
ATH	CAI	0	international	OpenFlights-2014		0.1500			LGAV	HECA	A3	3941	1128
EWR	SAP	0	international	OpenFlights-2014		0.1500			KEWR	MHLM	UA	3494	1772
CMN	TXL	0	international	OpenFlights-2014		0.1500			GMMN	DE-0876	AT	1074	351
IAH	POS	0	international	OpenFlights-2014		0.1500			KIAH	TTPP	UA	3550	2902
ADD	NDJ	0	international	OpenFlights-2014		0.1500			HAAB	FTTJ	ET	1107	999
CUN	PHL	0	international	OpenFlights-2014		0.1500			MMUN	KPHL	AA	1852	3752
GBE	NBO	0	international	OpenFlights-2014		0.1500			FBSK	HKJK	KQ	881	4059
MAN	PUJ	0	international	OpenFlights-2014		0.1500			EGCC	MDPC	TO	478	1760
DUR	HRE	0	international	OpenFlights-2014		0.1500			FALE	FVHA	SA	799	1005
MEX	ORD	0	international	OpenFlights-2014		0.1500			MMMX	KORD	AA	1824	3830
JIB	JED	0	international	OpenFlights-2014		0.1500			HDAM	OEJN	3J	4119	2072
ALG	BEY	0	international	OpenFlights-2014		0.1500			DAAG	OLBA	AH	210	2177
DUS	TUN	0	international	OpenFlights-2014		0.1500			EDDL	DTTA	TU	345	287
COO	NIM	0	international	OpenFlights-2014		0.1500			DBBB	DRRN	ET	245	280
LBV	LFW	0	international	OpenFlights-2014		0.1500			FOOL	DXXX	ET	970	298
JNB	LLW	0	international	OpenFlights-2014		0.1500			FAOR	FWKI	SA	813	1016
IST	TIP	0	international	OpenFlights-2014		0.1500			LTFM	LY-0019	8U	1701	1157
LUN	AMS	0	international	OpenFlights-2014		0.1500			FLLS	EHAM	AF	907	580
LAD	LIS	0	international	OpenFlights-2014		0.1500			FNLU	LPPT	DT	951	1638
BCN	DKR	0	international	OpenFlights-2014		0.1500			LEBL	GOOY	IB	1218	1084
BEY	LOS	0	international	OpenFlights-2014		0.1500			OLBA	DNMM	ME	2177	273
ABJ	ACC	0	international	OpenFlights-2014		0.1500			DIAP	DGAA	E2	253	248
CPT	LHR	0	international	OpenFlights-2014		0.1500			FACT	EGLL	AA	797	507
BRU	KGL	0	international	OpenFlights-2014		0.1500			EBBR	HRYR	AC	302	1165
MAD	TIP	0	international	OpenFlights-2014		0.1500			LEMD	LY-0019	LN	1229	1157
BKO	LIS	0	international	OpenFlights-2014		0.1500			GABS	LPPT	TP	1044	1638
CPH	CMN	0	international	OpenFlights-2014		0.1500			EKCH	GMMN	AT	609	1074
CAI	LCA	0	international	OpenFlights-2014		0.1500			HECA	LCLK	ET	1128	1197
CDG	NKC	0	international	OpenFlights-2014		0.1500			LFPG	GQNO	AF	1382	1094
ALG	VIE	0	international	OpenFlights-2014		0.1500			DAAG	LOWW	AH	210	1613
HRE	WDH	0	international	OpenFlights-2014		0.1500			FVHA	FYWH	SW	1005	4105
ASM	NBO	0	international	OpenFlights-2014		0.1500			HHAS	HKJK	UE	3967	4059
JIB	DXB	0	international	OpenFlights-2014		0.1500			HDAM	OMDB	3J	4119	2188
JED	NDJ	0	international	OpenFlights-2014		0.1500			OEJN	FTTJ	9D	2072	999
ADD	TLV	0	international	OpenFlights-2014		0.1500			HAAB	LLBG	ET	1107	1590
JNB	ZRH	0	international	OpenFlights-2014		0.1500			FAOR	LSZH	LX	813	1678
AMM	LOS	0	international	OpenFlights-2014		0.1500			OJAI	DNMM	RJ	2170	273
MUC	TUN	0	international	OpenFlights-2014		0.1500			EDDM	DTTA	TU	346	287
DKR	FNA	0	international	OpenFlights-2014		0.1500			GOOY	GFLL	3G	1084	1059
COO	DLA	0	international	OpenFlights-2014		0.1500			DBBB	FKKD	DN	245	897
ABJ	LBV	0	international	OpenFlights-2014		0.1500			DIAP	FOOL	HF	253	970
ABV	ACC	0	international	OpenFlights-2014		0.1500			DNAA	DGAA	W3	260	248
EBB	LHR	0	international	OpenFlights-2014		0.1500			HUEN	EGLL	AA	1187	507
BRU	OUA	0	international	OpenFlights-2014		0.1500			EBBR	DFFD	AC	302	246
FRA	WDH	0	international	OpenFlights-2014		0.1500			EDDF	FYWH	SW	340	4105
