code	longitude	latitude	name	source	source_id
SHA	121.75	31.25	Shanghai	WPI	59970
SGP	103.82	1.26	Keppel - (East Singapore)	WPI	50000
CMB	79.80	6.93	Colombo	UNLOCODE	LKCMB
CPT	18.35	-33.90	Cape Town	WPI	46770
SAN	-46.30	-24.00	Santos	WPI	12970
LAP	-118.25	33.72	Los Angeles	WPI	16080
BUS	129.05	35.07	Busan	WPI	60390
VAN	-123.18	49.29	Vancouver	WPI	18150
SYP	151.23	-33.85	Sydney	UNLOCODE	AUSYD
AKP	174.80	-36.84	Auckland	WPI	55060
MIA	-80.14	25.77	Miami	WPI	8640
NAS	-77.34	25.08	Nassau	UNLOCODE	BSNAS
RTA	50.16	26.64	Ras  Tannurah	WPI	48340
HOU	-95.02	29.73	Baytown	WPI	9170
RTM	4.00	51.95	Rotterdam	WPI	31140
JEA	55.03	25.00	Jebel Ali	UNLOCODE	AEJEA
JNP	72.95	18.95	Nhava Sheva (Jawaharlal Nehru)	UNLOCODE	INNSA
CHN	80.33	13.10	Chennai (ex Madras)	UNLOCODE	INMAA
YTN	114.27	22.58	Yantian	WPI	57857
NGB	121.85	29.92	Ningbo	WPI	59940
YOK	139.65	35.45	Yokohama Ko	WPI	61390
HNL	-157.86	21.31	Honolulu	WPI	56280
SEA	-122.34	47.60	Seattle	WPI	17730
ANC	-149.90	61.20	Anchorage	WPI	19800
DOV	1.31	51.13	Dover Harbor	WPI	35710
CAL	1.85	50.97	Calais	WPI	35750
PIR	23.64	37.94	Piraievs	WPI	42230
ALX	29.88	31.20	Al Iskandariyh (Alexandria)	WPI	45165
BCN	2.17	41.35	Barcelona	WPI	38550
CIV	11.79	42.10	Civitavecchia	WPI	39810
DUR	31.05	-29.88	Durban	WPI	46850
BUE	-58.36	-34.58	Buenos Aires	WPI	13760
LAG	3.39	6.45	Lagos	WPI	46130
MMB	39.67	-4.05	Mombasa	WPI	47100
TNG	-5.80	35.78	Tanger	WPI	45755
REK	-21.94	64.15	Reykjavík	UNLOCODE	ISREY
TOS	18.96	69.65	Tromsø	UNLOCODE	NOTOS
HBA	147.33	-42.88	Hobart	WPI	54760
MCM	166.67	-77.85	Mcmurdo Station	WPI	63130
VLA	131.90	43.10	Vladivostok	WPI	60610
QNG	120.30	36.07	Qingdao Gang	WPI	60140
KAR	66.99	24.82	Karachi	WPI	48600
CHT	91.80	22.28	Chattogram	UNLOCODE	BDCGP
MNG	89.60	22.49	Mongla	UNLOCODE	BDMGL
KOC	76.27	9.97	Kochi	UNLOCODE	INCOK
MUM	72.85	18.95	Mumbai (ex Bombay)	UNLOCODE	INBOM
VIS	83.30	17.70	Visakhapatnam	UNLOCODE	INVTZ
KOL	88.32	22.55	Kolkata (ex Calcutta)	UNLOCODE	INCCU
MLE	73.51	4.18	Male	UNLOCODE	MVMLE
MEL	144.95	-37.84	Melbourne	UNLOCODE	AUMEL
BNE	153.17	-27.38	Brisbane	UNLOCODE	AUBNE
FRE	115.74	-32.05	Fremantle	WPI	54520
ADL	138.50	-34.84	Port Adelaide	WPI	54220
DAR	130.82	-12.47	Darwin	UNLOCODE	AUDRW
PTK	101.36	3.00	Port Klang	WPI	49930
JKT	106.88	-6.10	Jakarta	WPI	50970
MNL	120.96	14.60	Manila	WPI	58370
LCH	100.89	13.08	Laem Chabang	WPI	57462
HCM	106.75	10.75	Cat Lai	WPI	57575
ODS	30.73	46.48	Odesa	WPI	43650
NOV	37.78	44.72	Novorossiysk	WPI	44200
WEL	174.7833	-41.2833	Wellington	WPI	55150
POM	147.1333	-9.4667	Port Moresby	WPI	53160
HON	159.9500	-9.4167	Honiara	WPI	57120
NOU	166.4333	-22.2833	Noumea	WPI	57320
API	-171.7667	-13.8167	Apia	WPI	55670
NUK	-175.2000	-21.1333	Nuku Alofa	WPI	55590
DIL	125.5833	-8.5333	Dili	WPI	51440
SRB	112.7333	-7.2000	Surabaya	WPI	51130
KKB	116.0667	5.9833	Kota Kinabalu	WPI	51690
PDK	101.7833	2.5333	Port Dickson	WPI	49960
PEN	100.3500	5.4167	Pulau Pinang	WPI	49850
BAT	121.0500	13.7500	Batangas City	WPI	58320
CEB	123.9000	10.3000	Cebu	WPI	58960
DAV	125.6167	7.0667	Davao	WPI	59430
DNG	108.2167	16.1000	Da Nang	WPI	57650
KMP	103.5000	10.6333	Kampong Saom	WPI	57485
BKK	100.5000	13.7500	Bangkok	WPI	57450
SAT	100.9167	12.6167	Sattahip	WPI	57446
JHR	103.9000	1.4333	Johor	WPI	49982
MAC	113.5667	22.1833	Macau	WPI	57810
KHH	120.2500	22.6167	Kao-Hsiung	WPI	57920
GZH	113.2333	23.1167	Guangzhou	WPI	57830
DAL	121.6667	38.9167	Dalian	WPI	60250
KEL	121.7667	25.1333	Chi-Lung	WPI	57890
INC	126.6167	37.4667	Inchon	WPI	60320
MOK	126.3833	34.7833	Mokpo	WPI	60340
HKT	130.4000	33.6000	Hakata	WPI	62430
ABD	48.2833	30.3333	Abadan	WPI	48430
BSH	50.8333	28.9833	Bushehr	WPI	48470
BSR	47.8333	30.5167	Al Basrah	WPI	48400
RLF	51.5833	25.9167	Ras Laffan	WPI	48297
AUH	54.3333	24.5000	Abu Zaby	WPI	48278
KFK	56.3689	25.3628	Khawr Fakkan	WPI	48263
MAH	48.1667	29.0667	Mina Al Ahmadi	WPI	48361
MSL	50.6333	26.2000	Mina Salman	WPI	48325
AMK	43.2500	13.3167	Al Mukha	WPI	48175
PSD	37.3167	19.4000	Beshayer Oil Terminal	WPI	47944
MOG	45.3500	2.0333	Muqdisho	WPI	47160
BEI	34.8333	-19.8333	Beira	WPI	46890
MPT	32.5447	-25.9628	Maputo	WPI	46870
RBY	32.0983	-28.8100	Richards Bay	WPI	46855
PEL	25.6425	-33.9519	Port Elizabeth	WPI	46820
WVB	14.5000	-22.9500	Walvis Bay	WPI	46640
LUA	13.2500	-8.8000	Luanda	WPI	46560
LBR	9.4500	0.3833	Libreville	WPI	46430
CNK	-13.7167	9.5167	Conakry	WPI	45855
NDB	-17.0500	20.9167	Nouadhibou	WPI	45812
ALG	3.0667	36.7667	Alger	WPI	45570
ORN	-0.6333	35.7000	Oran	WPI	45640
ANB	7.7667	36.9167	Annaba	WPI	45490
LGU	10.3000	36.8000	La Goulette	WPI	45420
MLT	14.5167	35.9000	Valletta Harbors	WPI	40330
TRP	13.1833	32.9000	Mina Tarabulus (Tripoli)	WPI	45330
HFA	35.0000	32.8167	Haifa	WPI	45080
MRS	34.6333	36.8000	Mersin	WPI	44860
IZM	27.1333	38.4333	Izmir	WPI	44750
RJK	14.4333	45.3333	Rijeka Luka	WPI	41010
KOP	13.7333	45.5500	Koper	WPI	40860
MSE	5.3667	43.3167	Marseille	WPI	38810
SIN	-8.8667	37.9500	Sines	WPI	38005
DUB	-6.2500	53.3500	Dublin	WPI	34480
GDN	18.6667	54.3500	Gdansk	WPI	28710
RIG	24.1000	56.9500	Riga	WPI	28610
STO	18.0500	59.3333	Stockholm	WPI	25380
HLX	-63.5833	44.6500	Halifax	WPI	6340
MTL	-73.5500	45.5167	Montreal	WPI	2235
BOS	-71.0500	42.3500	Boston	WPI	7250
BAL	-76.5833	39.2667	Baltimore	WPI	8210
NOL	-90.0500	29.9500	New Orleans	WPI	8860
ACA	-99.9333	16.8500	Acapulco	WPI	15760
BLB	-79.5667	8.9500	Balboa	WPI	15410
CLL	-77.1500	-12.0500	Puerto Del Callao	WPI	14950
VLP	-71.6167	-33.0333	Bahia De Valparaiso	WPI	14500
LPT	-57.8833	-34.8333	La Plata	WPI	13770
MVD	-56.2167	-34.9000	Montevideo	WPI	13120
RIO	-43.1667	-22.9000	Rio De Janeiro	WPI	12920
SLV	-38.5167	-12.9667	Port De Salvador	WPI	12770
BEL	-48.5000	-1.4500	Belem	WPI	12490
PAR	-55.1667	5.8333	Paramaribo	WPI	12410
GYT	-58.1667	6.8333	Georgetown	WPI	12370
NGY	136.8667	35.0667	Nagoya Ko	WPI	61480
AUG	15.2333	37.2167	Augusta	WPI	40250
BRI	17.9833	40.6500	Brindisi	WPI	40500
CAT	15.1000	37.5000	Catania	WPI	40270
PHD	118.5833	-20.3167	Port Hedland	WPI	54620
BRM	122.2333	-17.9667	Broome	WPI	54630
MND	69.7067	22.7283	Mundra	WPI	48617
MCH	81.1667	16.1500	Machilipatnam	WPI	49460
MQM	67.3500	24.7667	Muhamamad Bin Qasim	WPI	48605
CAB	12.2000	-5.5333	Cabinda	WPI	46490
LOB	13.5667	-12.3333	Lobito	WPI	46590
NAM	12.1500	-15.2000	Namibe	WPI	46610
TAK	-1.7333	4.8833	Takoradi	WPI	46040
TEM	0.0167	5.6167	Tema	WPI	46070
DAK	-17.4333	14.6833	Dakar	WPI	45820
PRA	-23.5167	14.9167	Porto Da Praia	WPI	45910
DJI	43.1333	11.6000	Djibouti	WPI	47850
DOR	43.0833	11.6000	Doraleh	WPI	47855
BER	45.0167	10.4500	Berbera	WPI	47820
BSA	49.1833	11.2833	Boosaaso	WPI	47830
KIS	42.5500	-0.3667	Kismaayo	WPI	47130
DSE	39.3000	-6.8167	Dar Es Salaam	WPI	47010
TAN	39.1167	-5.0833	Tanga	WPI	47030
ZAN	39.1833	-6.1667	Zanzibar	WPI	47050
MTW	40.2000	-10.2667	Mtwara	WPI	46975
NAC	40.6667	-14.5333	Nacala	WPI	46935
PEM	40.5000	-12.9667	Pemba	WPI	46940
TOA	49.4167	-18.1667	Toamasina	WPI	47540
MAJ	46.3000	-15.7167	Mahajanga	WPI	47400
TOL	43.6667	-23.3667	Toliara	WPI	47460
LUD	15.1500	-26.6500	Luderitz Bay	WPI	46650
SAS	17.9667	-33.0333	Saldanha Bay	WPI	46750
PTG	8.8000	-0.7000	Port Gentil	WPI	46440
OWE	9.5000	0.2833	Port Owendo	WPI	46435
SKI	6.9167	36.8833	Skikda	WPI	45510
BEJ	5.0833	36.7500	Bejaia	WPI	45550
CAS	-7.6167	33.6000	Casablanca	WPI	45793
AGD	-9.6333	30.4333	Agadir	WPI	45802
JID	39.1833	21.4833	Jiddah	WPI	48140
MPL	-57.5333	-38.0333	Mar Del Plata	WPI	13780
MAD	-65.0333	-42.7667	Puerto Madryn	WPI	13900
USH	-68.3000	-54.8167	Ushuaia	WPI	13980
NAT	-72.5667	-51.7167	Puerto Natales	WPI	14190
PMT	-72.9667	-41.4833	Puerto Montt	WPI	14270
TAL	-73.1000	-36.7000	Talcahuano	WPI	14420
ANT	-70.4167	-23.6500	Antofagasta	WPI	14660
IQQ	-70.1667	-20.2000	Iquique	WPI	14760
PAI	-81.1167	-5.0833	Paita	WPI	15170
MAN	-80.7167	-0.9500	Manta	WPI	15310
GUA	-79.8833	-2.2000	Guayaquil	WPI	15270
BRQ	-74.7667	10.9667	Barranquilla	WPI	11930
CTG	-75.5333	10.4167	Cartagena	WPI	11910
SMT	-74.2167	11.2500	Santa Marta	WPI	11940
PBO	-71.9667	12.2500	Puerto Bolivar	WPI	11946
LAC	-102.1667	17.9333	Lazaro Cardenas	WPI	15765
MNZ	-104.3167	19.0500	Manzanillo	WPI	15770
VRC	-96.1333	19.2000	Veracruz	WPI	9380
ALT	-97.8500	22.4833	Altamira	WPI	9355
PVA	-105.2667	20.6167	Puerto Vallarta	WPI	15790
ENS	-116.6333	31.8667	Ensenada	WPI	15990
ITJ	-48.6333	-26.9167	Itajai	WPI	13020
REC	-34.8667	-8.0500	Recife	WPI	12730
SUE	-34.9667	-8.4000	Porto De Suape	WPI	12740
HAZ	72.6333	21.0833	Hazira	WPI	48790
DHE	72.5333	21.7000	Dahej	WPI	48674
PIP	71.5167	20.9167	Pipavav Bandar	WPI	48730
NML	74.8167	12.9167	New Mangalore	WPI	49030
TUT	78.1667	8.8000	Tuticorin	WPI	49320
GPL	84.9167	19.2500	Gopalpur	WPI	49500
PRD	86.6833	20.2667	Paradip	WPI	49535
HLD	88.0833	22.0167	Haldia Port	WPI	49555
PBL	92.7500	11.6833	Port Blair	WPI	49720
TRI	81.2167	8.5500	Trincomalee Harbor	WPI	49290
GAL	80.2167	6.0167	Galle Harbor	WPI	49250
GWD	62.3000	25.1333	Gwadar	WPI	48590
MGO	73.8000	15.4333	Marmagao	WPI	48970
BNT	113.0667	3.2667	Bintulu Port	WPI	51585
KUC	110.3500	1.5667	Kuching	WPI	51560
SND	118.1167	5.8333	Pelabuhan Sandakan	WPI	51720
TJN	103.5500	1.3500	Tanjung Pelepas	WPI	51587
BLP	116.8167	-1.2500	Balikpapan	WPI	51840
MKS	119.4000	-5.1333	Ujung Pandang	WPI	52320
AMB	128.1667	-3.6833	Ambon	WPI	52720
TER	127.3833	0.7833	Ternate	WPI	52510
BNA	117.9667	0.9833	Benoa	WPI	51810
MRY	113.9667	4.3833	Miri	WPI	51590
ZMB	122.0667	6.9000	Zamboanga	WPI	59580
GSO	125.1833	6.1167	General Santos	WPI	59485
CGO	124.6667	8.5000	Cagayan De Oro	WPI	59710
LKA	177.4500	-17.6000	Lautoka Harbor	WPI	55530
SUV	178.4167	-18.1333	Suva Harbor	WPI	55540
TAR	172.9333	1.3333	Tarawa Atoll	WPI	56450
GUM	144.6167	13.4500	Apra Harbor	WPI	56550
LAE	147.0000	-6.7333	Lae	WPI	53230
RAB	152.1833	-4.2000	Rabaul	WPI	56810
TAU	176.1667	-37.6333	Tauranga	WPI	55080
PTP	158.6500	53.0500	Petropavlovsk	WPI	62600
PVK	170.3000	69.7167	Pevek	WPI	62680
TIX	128.8667	71.6333	Tiksi	WPI	62670
DSN	80.5167	73.5000	Port Dikson	WPI	62695
ARK	40.5333	64.5333	Arkhangels'K	WPI	62800
SDV	39.7833	64.5667	Severodvinsk	WPI	62810
PRV	-173.2333	64.4167	Provideniya	WPI	62640
KOR	142.7667	46.6167	Korsakov	WPI	60920
KAL	20.4833	54.7000	Kaliningrad	WPI	28690
GRN	-51.1000	69.2167	Illulissat (Jakobshavn)	WPI	810
NUU	-51.7500	64.1833	Nuuk	WPI	640
DDK	86.1667	69.4000	Dudinka	WPI	62720
PLU	57.5000	-20.1500	Port Louis	WPI	47720
